mass_GeV,mixing_sq,flavor,column,target_variant,curve_role,source_ref
0.1,2.71894996859e-05,e_only,gargoyle,GARGOYLE_PX56,future_sensitivity,HNLCalc + GARGOYLE geometry-only reach
0.105076584926,2.12258966769e-05,e_only,gargoyle,GARGOYLE_PX56,future_sensitivity,HNLCalc + GARGOYLE geometry-only reach
0.106158757513,2.01658067913e-05,e_only,gargoyle,GARGOYLE_PX56,future_sensitivity,HNLCalc + GARGOYLE geometry-only reach
0.106179991387,2.01456501172e-05,e_only,gargoyle,GARGOYLE_PX56,future_sensitivity,HNLCalc + GARGOYLE geometry-only reach
0.110410886997,1.6570321277e-05,e_only,gargoyle,GARGOYLE_PX56,future_sensitivity,HNLCalc + GARGOYLE geometry-only reach
0.116015989443,1.29354071229e-05,e_only,gargoyle,GARGOYLE_PX56,future_sensitivity,HNLCalc + GARGOYLE geometry-only reach
0.121905639675,1.00958893551e-05,e_only,gargoyle,GARGOYLE_PX56,future_sensitivity,HNLCalc + GARGOYLE geometry-only reach
0.128094283003,7.87580146521e-06,e_only,gargoyle,GARGOYLE_PX56,future_sensitivity,HNLCalc + GARGOYLE geometry-only reach
0.134597098065,6.13852393956e-06,e_only,gargoyle,GARGOYLE_PX56,future_sensitivity,HNLCalc + GARGOYLE geometry-only reach
0.13496330232,6.05495592575e-06,e_only,gargoyle,GARGOYLE_PX56,future_sensitivity,HNLCalc + GARGOYLE geometry-only reach
0.1349768,6.05190143554e-06,e_only,gargoyle,GARGOYLE_PX56,future_sensitivity,HNLCalc + GARGOYLE geometry-only reach
0.13499029768,6.04884037838e-06,e_only,gargoyle,GARGOYLE_PX56,future_sensitivity,HNLCalc + GARGOYLE geometry-only reach
0.140067380811,4.3132577946e-06,e_only,gargoyle,GARGOYLE_PX56,future_sensitivity,HNLCalc + GARGOYLE geometry-only reach
0.14008138895,4.3080422816e-06,e_only,gargoyle,GARGOYLE_PX56,future_sensitivity,HNLCalc + GARGOYLE geometry-only reach
0.140095397089,4.29995992284e-06,e_only,gargoyle,GARGOYLE_PX56,future_sensitivity,HNLCalc + GARGOYLE geometry-only reach
0.141430034057,3.70577657376e-06,e_only,gargoyle,GARGOYLE_PX56,future_sensitivity,HNLCalc + GARGOYLE geometry-only reach
0.148609849847,1.41891400204e-06,e_only,gargoyle,GARGOYLE_PX56,future_sensitivity,HNLCalc + GARGOYLE geometry-only reach
0.156154155083,6.27456151638e-07,e_only,gargoyle,GARGOYLE_PX56,future_sensitivity,HNLCalc + GARGOYLE geometry-only reach
0.164081453381,3.3204512075e-07,e_only,gargoyle,GARGOYLE_PX56,future_sensitivity,HNLCalc + GARGOYLE geometry-only reach
0.17241118771,2.29254243288e-07,e_only,gargoyle,GARGOYLE_PX56,future_sensitivity,HNLCalc + GARGOYLE geometry-only reach
0.181163788077,2.02854312474e-07,e_only,gargoyle,GARGOYLE_PX56,future_sensitivity,HNLCalc + GARGOYLE geometry-only reach
0.190360721634,1.6692741547e-07,e_only,gargoyle,GARGOYLE_PX56,future_sensitivity,HNLCalc + GARGOYLE geometry-only reach
0.191400858,1.55161982171e-07,e_only,gargoyle,GARGOYLE_PX56,future_sensitivity,HNLCalc + GARGOYLE geometry-only reach
0.19142,1.55831858417e-07,e_only,gargoyle,GARGOYLE_PX56,future_sensitivity,HNLCalc + GARGOYLE geometry-only reach
0.191439142,1.54569115361e-07,e_only,gargoyle,GARGOYLE_PX56,future_sensitivity,HNLCalc + GARGOYLE geometry-only reach
0.200024545333,1.34960761341e-07,e_only,gargoyle,GARGOYLE_PX56,future_sensitivity,HNLCalc + GARGOYLE geometry-only reach
0.21017896125,1.10821603647e-07,e_only,gargoyle,GARGOYLE_PX56,future_sensitivity,HNLCalc + GARGOYLE geometry-only reach
0.211295619325,1.13463867998e-07,e_only,gargoyle,GARGOYLE_PX56,future_sensitivity,HNLCalc + GARGOYLE geometry-only reach
0.211316751,1.14593330673e-07,e_only,gargoyle,GARGOYLE_PX56,future_sensitivity,HNLCalc + GARGOYLE geometry-only reach
0.211337882675,1.20475981191e-07,e_only,gargoyle,GARGOYLE_PX56,future_sensitivity,HNLCalc + GARGOYLE geometry-only reach
0.220848874715,1.01866124836e-07,e_only,gargoyle,GARGOYLE_PX56,future_sensitivity,HNLCalc + GARGOYLE geometry-only reach
0.232060455398,9.18113390666e-08,e_only,gargoyle,GARGOYLE_PX56,future_sensitivity,HNLCalc + GARGOYLE geometry-only reach
0.243841201496,7.08539015478e-08,e_only,gargoyle,GARGOYLE_PX56,future_sensitivity,HNLCalc + GARGOYLE geometry-only reach
0.245204242623,7.86113086435e-08,e_only,gargoyle,GARGOYLE_PX56,future_sensitivity,HNLCalc + GARGOYLE geometry-only reach
0.2452287655,7.3092511394e-08,e_only,gargoyle,GARGOYLE_PX56,future_sensitivity,HNLCalc + GARGOYLE geometry-only reach
0.245253288377,7.07013810396e-08,e_only,gargoyle,GARGOYLE_PX56,future_sensitivity,HNLCalc + GARGOYLE geometry-only reach
0.256220007175,5.65599415293e-08,e_only,gargoyle,GARGOYLE_PX56,future_sensitivity,HNLCalc + GARGOYLE geometry-only reach
0.269227233437,5.17188772742e-08,e_only,gargoyle,GARGOYLE_PX56,future_sensitivity,HNLCalc + GARGOYLE geometry-only reach
0.282894782587,5.53376135875e-08,e_only,gargoyle,GARGOYLE_PX56,future_sensitivity,HNLCalc + GARGOYLE geometry-only reach
0.297256176477,4.5168240224e-08,e_only,gargoyle,GARGOYLE_PX56,future_sensitivity,HNLCalc + GARGOYLE geometry-only reach
0.312346638724,4.30474820792e-08,e_only,gargoyle,GARGOYLE_PX56,future_sensitivity,HNLCalc + GARGOYLE geometry-only reach
0.328203181102,3.9026888919e-08,e_only,gargoyle,GARGOYLE_PX56,future_sensitivity,HNLCalc + GARGOYLE geometry-only reach
0.344864694321,3.62217069623e-08,e_only,gargoyle,GARGOYLE_PX56,future_sensitivity,HNLCalc + GARGOYLE geometry-only reach
0.362372043409,3.23629737688e-08,e_only,gargoyle,GARGOYLE_PX56,future_sensitivity,HNLCalc + GARGOYLE geometry-only reach
0.380768167941,2.90471165523e-08,e_only,gargoyle,GARGOYLE_PX56,future_sensitivity,HNLCalc + GARGOYLE geometry-only reach
0.400098187358,2.45287430027e-08,e_only,gargoyle,GARGOYLE_PX56,future_sensitivity,HNLCalc + GARGOYLE geometry-only reach
0.420409511627,2.38276547528e-08,e_only,gargoyle,GARGOYLE_PX56,future_sensitivity,HNLCalc + GARGOYLE geometry-only reach
0.441751957522,2.06500091009e-08,e_only,gargoyle,GARGOYLE_PX56,future_sensitivity,HNLCalc + GARGOYLE geometry-only reach
0.464177870809,1.86755585787e-08,e_only,gargoyle,GARGOYLE_PX56,future_sensitivity,HNLCalc + GARGOYLE geometry-only reach
0.487742254629,1.73116725945e-08,e_only,gargoyle,GARGOYLE_PX56,future_sensitivity,HNLCalc + GARGOYLE geometry-only reach
0.49413858015,1.70932044153e-08,e_only,gargoyle,GARGOYLE_PX56,future_sensitivity,HNLCalc + GARGOYLE geometry-only reach
0.49423741775,1.92524355001e-08,e_only,gargoyle,GARGOYLE_PX56,future_sensitivity,HNLCalc + GARGOYLE geometry-only reach
0.512502904405,1.47426322571e-08,e_only,gargoyle,GARGOYLE_PX56,future_sensitivity,HNLCalc + GARGOYLE geometry-only reach
0.538520549596,1.60773097434e-08,e_only,gargoyle,GARGOYLE_PX56,future_sensitivity,HNLCalc + GARGOYLE geometry-only reach
0.5478072138,1.43623580275e-08,e_only,gargoyle,GARGOYLE_PX56,future_sensitivity,HNLCalc + GARGOYLE geometry-only reach
0.547862,1.29512354235e-08,e_only,gargoyle,GARGOYLE_PX56,future_sensitivity,HNLCalc + GARGOYLE geometry-only reach
0.5479167862,1.49655952069e-08,e_only,gargoyle,GARGOYLE_PX56,future_sensitivity,HNLCalc + GARGOYLE geometry-only reach
0.565859002641,1.48008570876e-08,e_only,gargoyle,GARGOYLE_PX56,future_sensitivity,HNLCalc + GARGOYLE geometry-only reach
0.594585315472,1.15133573827e-08,e_only,gargoyle,GARGOYLE_PX56,future_sensitivity,HNLCalc + GARGOYLE geometry-only reach
0.599275441962,1.32851572472e-08,e_only,gargoyle,GARGOYLE_PX56,future_sensitivity,HNLCalc + GARGOYLE geometry-only reach
0.5993353755,1.1130140613e-08,e_only,gargoyle,GARGOYLE_PX56,future_sensitivity,HNLCalc + GARGOYLE geometry-only reach
0.599395309038,1.19652213072e-08,e_only,gargoyle,GARGOYLE_PX56,future_sensitivity,HNLCalc + GARGOYLE geometry-only reach
0.624769943971,1.22739507128e-08,e_only,gargoyle,GARGOYLE_PX56,future_sensitivity,HNLCalc + GARGOYLE geometry-only reach
0.656486920769,1.05451058631e-08,e_only,gargoyle,GARGOYLE_PX56,future_sensitivity,HNLCalc + GARGOYLE geometry-only reach
0.689814036831,9.50827659082e-09,e_only,gargoyle,GARGOYLE_PX56,future_sensitivity,HNLCalc + GARGOYLE geometry-only reach
0.724833032243,9.72202547094e-09,e_only,gargoyle,GARGOYLE_PX56,future_sensitivity,HNLCalc + GARGOYLE geometry-only reach
0.761629796697,8.06197122064e-09,e_only,gargoyle,GARGOYLE_PX56,future_sensitivity,HNLCalc + GARGOYLE geometry-only reach
0.775182474,7.01027190754e-09,e_only,gargoyle,GARGOYLE_PX56,future_sensitivity,HNLCalc + GARGOYLE geometry-only reach
0.77526,8.00985537304e-09,e_only,gargoyle,GARGOYLE_PX56,future_sensitivity,HNLCalc + GARGOYLE geometry-only reach
0.775337526,8.24963498459e-09,e_only,gargoyle,GARGOYLE_PX56,future_sensitivity,HNLCalc + GARGOYLE geometry-only reach
0.77554343685,8.57998103955e-09,e_only,gargoyle,GARGOYLE_PX56,future_sensitivity,HNLCalc + GARGOYLE geometry-only reach
0.77569856105,8.35746144013e-09,e_only,gargoyle,GARGOYLE_PX56,future_sensitivity,HNLCalc + GARGOYLE geometry-only reach
0.782581734,8.02982753252e-09,e_only,gargoyle,GARGOYLE_PX56,future_sensitivity,HNLCalc + GARGOYLE geometry-only reach
0.78266,9.28287049496e-09,e_only,gargoyle,GARGOYLE_PX56,future_sensitivity,HNLCalc + GARGOYLE geometry-only reach
0.782738266,7.41318575966e-09,e_only,gargoyle,GARGOYLE_PX56,future_sensitivity,HNLCalc + GARGOYLE geometry-only reach
0.800294580149,6.92168762029e-09,e_only,gargoyle,GARGOYLE_PX56,future_sensitivity,HNLCalc + GARGOYLE geometry-only reach
0.806141002338,7.6586105158e-09,e_only,gargoyle,GARGOYLE_PX56,future_sensitivity,HNLCalc + GARGOYLE geometry-only reach
0.8062216245,7.86429857466e-09,e_only,gargoyle,GARGOYLE_PX56,future_sensitivity,HNLCalc + GARGOYLE geometry-only reach
0.806302246662,7.30399360221e-09,e_only,gargoyle,GARGOYLE_PX56,future_sensitivity,HNLCalc + GARGOYLE geometry-only reach
0.84092221417,6.58197952077e-09,e_only,gargoyle,GARGOYLE_PX56,future_sensitivity,HNLCalc + GARGOYLE geometry-only reach
0.843147301338,8.82590558636e-09,e_only,gargoyle,GARGOYLE_PX56,future_sensitivity,HNLCalc + GARGOYLE geometry-only reach
0.8432316245,5.91718396405e-09,e_only,gargoyle,GARGOYLE_PX56,future_sensitivity,HNLCalc + GARGOYLE geometry-only reach
0.843315947662,6.51387646909e-09,e_only,gargoyle,GARGOYLE_PX56,future_sensitivity,HNLCalc + GARGOYLE geometry-only reach
0.867424873338,6.72962910911e-09,e_only,gargoyle,GARGOYLE_PX56,future_sensitivity,HNLCalc + GARGOYLE geometry-only reach
0.8675116245,6.01668816424e-09,e_only,gargoyle,GARGOYLE_PX56,future_sensitivity,HNLCalc + GARGOYLE geometry-only reach
0.867598375662,6.27295141438e-09,e_only,gargoyle,GARGOYLE_PX56,future_sensitivity,HNLCalc + GARGOYLE geometry-only reach
0.880680298662,5.90303610404e-09,e_only,gargoyle,GARGOYLE_PX56,future_sensitivity,HNLCalc + GARGOYLE geometry-only reach
0.8807683755,5.15195723432e-09,e_only,gargoyle,GARGOYLE_PX56,future_sensitivity,HNLCalc + GARGOYLE geometry-only reach
0.880856452338,5.62407714885e-09,e_only,gargoyle,GARGOYLE_PX56,future_sensitivity,HNLCalc + GARGOYLE geometry-only reach
0.883612344535,5.46680472609e-09,e_only,gargoyle,GARGOYLE_PX56,future_sensitivity,HNLCalc + GARGOYLE geometry-only reach
0.89209178085,5.97010898251e-09,e_only,gargoyle,GARGOYLE_PX56,future_sensitivity,HNLCalc + GARGOYLE geometry-only reach
0.89218099895,6.66449884061e-09,e_only,gargoyle,GARGOYLE_PX56,future_sensitivity,HNLCalc + GARGOYLE geometry-only reach
0.89227021705,5.82571347638e-09,e_only,gargoyle,GARGOYLE_PX56,future_sensitivity,HNLCalc + GARGOYLE geometry-only reach
0.904821133338,5.10831882236e-09,e_only,gargoyle,GARGOYLE_PX56,future_sensitivity,HNLCalc + GARGOYLE geometry-only reach
0.9049116245,6.58629153725e-09,e_only,gargoyle,GARGOYLE_PX56,future_sensitivity,HNLCalc + GARGOYLE geometry-only reach
0.905002115662,4.73791827345e-09,e_only,gargoyle,GARGOYLE_PX56,future_sensitivity,HNLCalc + GARGOYLE geometry-only reach
0.91127786415,5.97262660622e-09,e_only,gargoyle,GARGOYLE_PX56,future_sensitivity,HNLCalc + GARGOYLE geometry-only reach
0.91136900105,4.36875475736e-09,e_only,gargoyle,GARGOYLE_PX56,future_sensitivity,HNLCalc + GARGOYLE geometry-only reach
0.91146013795,6.0385097085e-09,e_only,gargoyle,GARGOYLE_PX56,future_sensitivity,HNLCalc + GARGOYLE geometry-only reach
0.928469675623,7.18197512309e-09,e_only,gargoyle,GARGOYLE_PX56,future_sensitivity,HNLCalc + GARGOYLE geometry-only reach
0.94828416315,5.40098209615e-09,e_only,gargoyle,GARGOYLE_PX56,future_sensitivity,HNLCalc + GARGOYLE geometry-only reach
0.94837900105,4.81705015965e-09,e_only,gargoyle,GARGOYLE_PX56,future_sensitivity,HNLCalc + GARGOYLE geometry-only reach
0.94847383895,4.85400091113e-09,e_only,gargoyle,GARGOYLE_PX56,future_sensitivity,HNLCalc + GARGOYLE geometry-only reach
0.957684222,5.68764464352e-09,e_only,gargoyle,GARGOYLE_PX56,future_sensitivity,HNLCalc + GARGOYLE geometry-only reach
0.95778,5.48718714145e-09,e_only,gargoyle,GARGOYLE_PX56,future_sensitivity,HNLCalc + GARGOYLE geometry-only reach
0.957875778,5.21352364632e-09,e_only,gargoyle,GARGOYLE_PX56,future_sensitivity,HNLCalc + GARGOYLE geometry-only reach
0.967044910338,4.06808915518e-09,e_only,gargoyle,GARGOYLE_PX56,future_sensitivity,HNLCalc + GARGOYLE geometry-only reach
0.9671416245,5.94201740079e-09,e_only,gargoyle,GARGOYLE_PX56,future_sensitivity,HNLCalc + GARGOYLE geometry-only reach
0.967238338662,5.46790094014e-09,e_only,gargoyle,GARGOYLE_PX56,future_sensitivity,HNLCalc + GARGOYLE geometry-only reach
0.97256173515,5.47159075111e-09,e_only,gargoyle,GARGOYLE_PX56,future_sensitivity,HNLCalc + GARGOYLE geometry-only reach
0.97265900105,5.18095706763e-09,e_only,gargoyle,GARGOYLE_PX56,future_sensitivity,HNLCalc + GARGOYLE geometry-only reach
0.97275626695,3.87208375594e-09,e_only,gargoyle,GARGOYLE_PX56,future_sensitivity,HNLCalc + GARGOYLE geometry-only reach
0.975604227219,4.23414321675e-09,e_only,gargoyle,GARGOYLE_PX56,future_sensitivity,HNLCalc + GARGOYLE geometry-only reach
0.981243490338,4.28516319903e-09,e_only,gargoyle,GARGOYLE_PX56,future_sensitivity,HNLCalc + GARGOYLE geometry-only reach
0.9813416245,5.53625576885e-09,e_only,gargoyle,GARGOYLE_PX56,future_sensitivity,HNLCalc + GARGOYLE geometry-only reach
0.981439758662,3.49407738702e-09,e_only,gargoyle,GARGOYLE_PX56,future_sensitivity,HNLCalc + GARGOYLE geometry-only reach
0.983973217338,4.27567452948e-09,e_only,gargoyle,GARGOYLE_PX56,future_sensitivity,HNLCalc + GARGOYLE geometry-only reach
0.9840716245,4.66738787039e-09,e_only,gargoyle,GARGOYLE_PX56,future_sensitivity,HNLCalc + GARGOYLE geometry-only reach
0.984170031662,4.36346546411e-09,e_only,gargoyle,GARGOYLE_PX56,future_sensitivity,HNLCalc + GARGOYLE geometry-only reach
0.988642750338,4.33478711165e-09,e_only,gargoyle,GARGOYLE_PX56,future_sensitivity,HNLCalc + GARGOYLE geometry-only reach
0.9887416245,3.98965986988e-09,e_only,gargoyle,GARGOYLE_PX56,future_sensitivity,HNLCalc + GARGOYLE geometry-only reach
0.988840498662,5.0089242759e-09,e_only,gargoyle,GARGOYLE_PX56,future_sensitivity,HNLCalc + GARGOYLE geometry-only reach
0.997228642662,4.32813158395e-09,e_only,gargoyle,GARGOYLE_PX56,future_sensitivity,HNLCalc + GARGOYLE geometry-only reach
0.9973283755,3.94866783617e-09,e_only,gargoyle,GARGOYLE_PX56,future_sensitivity,HNLCalc + GARGOYLE geometry-only reach
0.997428108338,5.11247485373e-09,e_only,gargoyle,GARGOYLE_PX56,future_sensitivity,HNLCalc + GARGOYLE geometry-only reach
0.9999,4.25321210275e-09,e_only,gargoyle,GARGOYLE_PX56,future_sensitivity,HNLCalc + GARGOYLE geometry-only reach
1,3.86071990094e-09,e_only,gargoyle,GARGOYLE_PX56,future_sensitivity,HNLCalc + GARGOYLE geometry-only reach
1.0001,3.9703141339e-09,e_only,gargoyle,GARGOYLE_PX56,future_sensitivity,HNLCalc + GARGOYLE geometry-only reach
1.00995799515,4.6590298349e-09,e_only,gargoyle,GARGOYLE_PX56,future_sensitivity,HNLCalc + GARGOYLE geometry-only reach
1.01005900105,4.75380119656e-09,e_only,gargoyle,GARGOYLE_PX56,future_sensitivity,HNLCalc + GARGOYLE geometry-only reach
1.01016000695,3.95446196135e-09,e_only,gargoyle,GARGOYLE_PX56,future_sensitivity,HNLCalc + GARGOYLE geometry-only reach
1.019358054,3.95664482709e-09,e_only,gargoyle,GARGOYLE_PX56,future_sensitivity,HNLCalc + GARGOYLE geometry-only reach
1.01946,3.99047483911e-09,e_only,gargoyle,GARGOYLE_PX56,future_sensitivity,HNLCalc + GARGOYLE geometry-only reach
1.019561946,4.73914361537e-09,e_only,gargoyle,GARGOYLE_PX56,future_sensitivity,HNLCalc + GARGOYLE geometry-only reach
1.02513160436,3.81343479481e-09,e_only,gargoyle,GARGOYLE_PX56,future_sensitivity,HNLCalc + GARGOYLE geometry-only reach
1.07218177215,3.17565037352e-09,e_only,gargoyle,GARGOYLE_PX56,future_sensitivity,HNLCalc + GARGOYLE geometry-only reach
1.07228900105,3.09760039226e-09,e_only,gargoyle,GARGOYLE_PX56,future_sensitivity,HNLCalc + GARGOYLE geometry-only reach
1.07239622995,3.65241192951e-09,e_only,gargoyle,GARGOYLE_PX56,future_sensitivity,HNLCalc + GARGOYLE geometry-only reach
1.07717328086,2.72007253308e-09,e_only,gargoyle,GARGOYLE_PX56,future_sensitivity,HNLCalc + GARGOYLE geometry-only reach
1.08638035215,4.43355515779e-09,e_only,gargoyle,GARGOYLE_PX56,future_sensitivity,HNLCalc + GARGOYLE geometry-only reach
1.08648900105,3.03296693546e-09,e_only,gargoyle,GARGOYLE_PX56,future_sensitivity,HNLCalc + GARGOYLE geometry-only reach
1.08659764995,2.88659425e-09,e_only,gargoyle,GARGOYLE_PX56,future_sensitivity,HNLCalc + GARGOYLE geometry-only reach
1.08911007915,3.65682902137e-09,e_only,gargoyle,GARGOYLE_PX56,future_sensitivity,HNLCalc + GARGOYLE geometry-only reach
1.08921900105,3.05809411045e-09,e_only,gargoyle,GARGOYLE_PX56,future_sensitivity,HNLCalc + GARGOYLE geometry-only reach
1.08932792295,3.73873085784e-09,e_only,gargoyle,GARGOYLE_PX56,future_sensitivity,HNLCalc + GARGOYLE geometry-only reach
1.09377961215,3.89352909591e-09,e_only,gargoyle,GARGOYLE_PX56,future_sensitivity,HNLCalc + GARGOYLE geometry-only reach
1.09388900105,2.80978767142e-09,e_only,gargoyle,GARGOYLE_PX56,future_sensitivity,HNLCalc + GARGOYLE geometry-only reach
1.09399838995,3.13429692581e-09,e_only,gargoyle,GARGOYLE_PX56,future_sensitivity,HNLCalc + GARGOYLE geometry-only reach
1.13185689726,2.73076918513e-09,e_only,gargoyle,GARGOYLE_PX56,future_sensitivity,HNLCalc + GARGOYLE geometry-only reach
1.18931657389,2.23624744188e-09,e_only,gargoyle,GARGOYLE_PX56,future_sensitivity,HNLCalc + GARGOYLE geometry-only reach
1.21601801054,2.30818529861e-09,e_only,gargoyle,GARGOYLE_PX56,future_sensitivity,HNLCalc + GARGOYLE geometry-only reach
1.2161396245,2.31086197922e-09,e_only,gargoyle,GARGOYLE_PX56,future_sensitivity,HNLCalc + GARGOYLE geometry-only reach
1.21626123846,2.84870595671e-09,e_only,gargoyle,GARGOYLE_PX56,future_sensitivity,HNLCalc + GARGOYLE geometry-only reach
1.24969323981,2.514660323e-09,e_only,gargoyle,GARGOYLE_PX56,future_sensitivity,HNLCalc + GARGOYLE geometry-only reach
1.26537807404,2.82967032177e-09,e_only,gargoyle,GARGOYLE_PX56,future_sensitivity,HNLCalc + GARGOYLE geometry-only reach
1.2655046245,2.32081032776e-09,e_only,gargoyle,GARGOYLE_PX56,future_sensitivity,HNLCalc + GARGOYLE geometry-only reach
1.26563117496,2.64176217396e-09,e_only,gargoyle,GARGOYLE_PX56,future_sensitivity,HNLCalc + GARGOYLE geometry-only reach
1.26626398544,3.28825381031e-09,e_only,gargoyle,GARGOYLE_PX56,future_sensitivity,HNLCalc + GARGOYLE geometry-only reach
1.2663906245,2.41027304266e-09,e_only,gargoyle,GARGOYLE_PX56,future_sensitivity,HNLCalc + GARGOYLE geometry-only reach
1.26651726356,1.92216871262e-09,e_only,gargoyle,GARGOYLE_PX56,future_sensitivity,HNLCalc + GARGOYLE geometry-only reach
1.31313497844,2.8600397575e-09,e_only,gargoyle,GARGOYLE_PX56,future_sensitivity,HNLCalc + GARGOYLE geometry-only reach
1.31469814154,1.96468738691e-09,e_only,gargoyle,GARGOYLE_PX56,future_sensitivity,HNLCalc + GARGOYLE geometry-only reach
1.3148296245,1.97291251976e-09,e_only,gargoyle,GARGOYLE_PX56,future_sensitivity,HNLCalc + GARGOYLE geometry-only reach
1.31496110746,2.16104949401e-09,e_only,gargoyle,GARGOYLE_PX56,future_sensitivity,HNLCalc + GARGOYLE geometry-only reach
1.32115487235,2.31696261681e-09,e_only,gargoyle,GARGOYLE_PX56,future_sensitivity,HNLCalc + GARGOYLE geometry-only reach
1.32128700105,2.37240484386e-09,e_only,gargoyle,GARGOYLE_PX56,future_sensitivity,HNLCalc + GARGOYLE geometry-only reach
1.32141912975,2.06083573128e-09,e_only,gargoyle,GARGOYLE_PX56,future_sensitivity,HNLCalc + GARGOYLE geometry-only reach
1.36494411644,2.17000113468e-09,e_only,gargoyle,GARGOYLE_PX56,future_sensitivity,HNLCalc + GARGOYLE geometry-only reach
1.3650806245,2.08224535065e-09,e_only,gargoyle,GARGOYLE_PX56,future_sensitivity,HNLCalc + GARGOYLE geometry-only reach
1.36521713256,2.27307928057e-09,e_only,gargoyle,GARGOYLE_PX56,future_sensitivity,HNLCalc + GARGOYLE geometry-only reach
1.37051493585,2.27762861354e-09,e_only,gargoyle,GARGOYLE_PX56,future_sensitivity,HNLCalc + GARGOYLE geometry-only reach
1.37065200105,2.04592394701e-09,e_only,gargoyle,GARGOYLE_PX56,future_sensitivity,HNLCalc + GARGOYLE geometry-only reach
1.37078906625,1.69098300008e-09,e_only,gargoyle,GARGOYLE_PX56,future_sensitivity,HNLCalc + GARGOYLE geometry-only reach
1.37140084725,2.69664875051e-09,e_only,gargoyle,GARGOYLE_PX56,future_sensitivity,HNLCalc + GARGOYLE geometry-only reach
1.37153800105,1.9434774614e-09,e_only,gargoyle,GARGOYLE_PX56,future_sensitivity,HNLCalc + GARGOYLE geometry-only reach
1.37167515485,1.93661936775e-09,e_only,gargoyle,GARGOYLE_PX56,future_sensitivity,HNLCalc + GARGOYLE geometry-only reach
1.37979739082,2.33933165121e-09,e_only,gargoyle,GARGOYLE_PX56,future_sensitivity,HNLCalc + GARGOYLE geometry-only reach
1.41983500335,2.38178115902e-09,e_only,gargoyle,GARGOYLE_PX56,future_sensitivity,HNLCalc + GARGOYLE geometry-only reach
1.41997700105,1.6763426437e-09,e_only,gargoyle,GARGOYLE_PX56,future_sensitivity,HNLCalc + GARGOYLE geometry-only reach
1.42011899875,2.15869600417e-09,e_only,gargoyle,GARGOYLE_PX56,future_sensitivity,HNLCalc + GARGOYLE geometry-only reach
1.44984397717,1.62432227691e-09,e_only,gargoyle,GARGOYLE_PX56,future_sensitivity,HNLCalc + GARGOYLE geometry-only reach
1.47008097825,1.38261444688e-09,e_only,gargoyle,GARGOYLE_PX56,future_sensitivity,HNLCalc + GARGOYLE geometry-only reach
1.47022800105,1.84196930748e-09,e_only,gargoyle,GARGOYLE_PX56,future_sensitivity,HNLCalc + GARGOYLE geometry-only reach
1.47037502385,1.94699678495e-09,e_only,gargoyle,GARGOYLE_PX56,future_sensitivity,HNLCalc + GARGOYLE geometry-only reach
1.47765222,2.56103987928e-09,e_only,gargoyle,GARGOYLE_PX56,future_sensitivity,HNLCalc + GARGOYLE geometry-only reach
1.4778,2.36950812991e-09,e_only,gargoyle,GARGOYLE_PX56,future_sensitivity,HNLCalc + GARGOYLE geometry-only reach
1.47794778,1.5397303185e-09,e_only,gargoyle,GARGOYLE_PX56,future_sensitivity,HNLCalc + GARGOYLE geometry-only reach
1.492380747,1.48865683698e-09,e_only,gargoyle,GARGOYLE_PX56,future_sensitivity,HNLCalc + GARGOYLE geometry-only reach
1.49253,1.68339216974e-09,e_only,gargoyle,GARGOYLE_PX56,future_sensitivity,HNLCalc + GARGOYLE geometry-only reach
1.492679253,1.9030093319e-09,e_only,gargoyle,GARGOYLE_PX56,future_sensitivity,HNLCalc + GARGOYLE geometry-only reach
1.495480437,1.82785153574e-09,e_only,gargoyle,GARGOYLE_PX56,future_sensitivity,HNLCalc + GARGOYLE geometry-only reach
1.49563,2.05642075837e-09,e_only,gargoyle,GARGOYLE_PX56,future_sensitivity,HNLCalc + GARGOYLE geometry-only reach
1.495779563,2.0391838372e-09,e_only,gargoyle,GARGOYLE_PX56,future_sensitivity,HNLCalc + GARGOYLE geometry-only reach
1.52344653797,2.09753387982e-09,e_only,gargoyle,GARGOYLE_PX56,future_sensitivity,HNLCalc + GARGOYLE geometry-only reach
1.60078559527,1.90957306098e-09,e_only,gargoyle,GARGOYLE_PX56,future_sensitivity,HNLCalc + GARGOYLE geometry-only reach
1.61944927338,1.47467490254e-09,e_only,gargoyle,GARGOYLE_PX56,future_sensitivity,HNLCalc + GARGOYLE geometry-only reach
1.6196112345,2.36805222478e-09,e_only,gargoyle,GARGOYLE_PX56,future_sensitivity,HNLCalc + GARGOYLE geometry-only reach
1.61977319562,1.48766131227e-09,e_only,gargoyle,GARGOYLE_PX56,future_sensitivity,HNLCalc + GARGOYLE geometry-only reach
1.621487835,2.1620945123e-09,e_only,gargoyle,GARGOYLE_PX56,future_sensitivity,HNLCalc + GARGOYLE geometry-only reach
1.62165,1.61100452796e-09,e_only,gargoyle,GARGOYLE_PX56,future_sensitivity,HNLCalc + GARGOYLE geometry-only reach
1.621812165,1.95166134119e-09,e_only,gargoyle,GARGOYLE_PX56,future_sensitivity,HNLCalc + GARGOYLE geometry-only reach
1.62886192202,1.8974759041e-09,e_only,gargoyle,GARGOYLE_PX56,future_sensitivity,HNLCalc + GARGOYLE geometry-only reach
1.6290248245,1.75702455939e-09,e_only,gargoyle,GARGOYLE_PX56,future_sensitivity,HNLCalc + GARGOYLE geometry-only reach
1.62918772698,1.55965361994e-09,e_only,gargoyle,GARGOYLE_PX56,future_sensitivity,HNLCalc + GARGOYLE geometry-only reach
1.632966687,1.68970493463e-09,e_only,gargoyle,GARGOYLE_PX56,future_sensitivity,HNLCalc + GARGOYLE geometry-only reach
1.63313,1.38350208414e-09,e_only,gargoyle,GARGOYLE_PX56,future_sensitivity,HNLCalc + GARGOYLE geometry-only reach
1.633293313,1.61414409408e-09,e_only,gargoyle,GARGOYLE_PX56,future_sensitivity,HNLCalc + GARGOYLE geometry-only reach
1.637476236,1.94142094317e-09,e_only,gargoyle,GARGOYLE_PX56,future_sensitivity,HNLCalc + GARGOYLE geometry-only reach
1.63764,1.55883551927e-09,e_only,gargoyle,GARGOYLE_PX56,future_sensitivity,HNLCalc + GARGOYLE geometry-only reach
1.637803764,1.64664174432e-09,e_only,gargoyle,GARGOYLE_PX56,future_sensitivity,HNLCalc + GARGOYLE geometry-only reach
1.6820508355,2.0267193774e-09,e_only,gargoyle,GARGOYLE_PX56,future_sensitivity,HNLCalc + GARGOYLE geometry-only reach
1.72458613519,2.41090995141e-09,e_only,gargoyle,GARGOYLE_PX56,future_sensitivity,HNLCalc + GARGOYLE geometry-only reach
1.72475861105,1.60967379656e-09,e_only,gargoyle,GARGOYLE_PX56,future_sensitivity,HNLCalc + GARGOYLE geometry-only reach
1.72493108691,1.90421500521e-09,e_only,gargoyle,GARGOYLE_PX56,future_sensitivity,HNLCalc + GARGOYLE geometry-only reach
1.73399878383,2.43268351396e-09,e_only,gargoyle,GARGOYLE_PX56,future_sensitivity,HNLCalc + GARGOYLE geometry-only reach
1.73417220105,2.36264924242e-09,e_only,gargoyle,GARGOYLE_PX56,future_sensitivity,HNLCalc + GARGOYLE geometry-only reach
1.73434561827,2.13726512135e-09,e_only,gargoyle,GARGOYLE_PX56,future_sensitivity,HNLCalc + GARGOYLE geometry-only reach
1.76382522434,2.73293967555e-09,e_only,gargoyle,GARGOYLE_PX56,future_sensitivity,HNLCalc + GARGOYLE geometry-only reach
1.7640016245,1.46007991768e-09,e_only,gargoyle,GARGOYLE_PX56,future_sensitivity,HNLCalc + GARGOYLE geometry-only reach
1.76417802466,2.08500576014e-09,e_only,gargoyle,GARGOYLE_PX56,future_sensitivity,HNLCalc + GARGOYLE geometry-only reach
1.76744157466,2.57566082108e-09,e_only,gargoyle,GARGOYLE_PX56,future_sensitivity,HNLCalc + GARGOYLE geometry-only reach
1.77726325485,2.56655987154e-09,e_only,gargoyle,GARGOYLE_PX56,future_sensitivity,HNLCalc + GARGOYLE geometry-only reach
1.77744099895,2.54215380667e-09,e_only,gargoyle,GARGOYLE_PX56,future_sensitivity,HNLCalc + GARGOYLE geometry-only reach
1.77761874305,2.50547207746e-09,e_only,gargoyle,GARGOYLE_PX56,future_sensitivity,HNLCalc + GARGOYLE geometry-only reach
1.85716724722,2.98343089712e-09,e_only,gargoyle,GARGOYLE_PX56,future_sensitivity,HNLCalc + GARGOYLE geometry-only reach
1.86250535534,3.26980834728e-09,e_only,gargoyle,GARGOYLE_PX56,future_sensitivity,HNLCalc + GARGOYLE geometry-only reach
1.8626916245,3.36744583204e-09,e_only,gargoyle,GARGOYLE_PX56,future_sensitivity,HNLCalc + GARGOYLE geometry-only reach
1.86287789366,3.82248853432e-09,e_only,gargoyle,GARGOYLE_PX56,future_sensitivity,HNLCalc + GARGOYLE geometry-only reach
1.86896208615,2.65751863379e-09,e_only,gargoyle,GARGOYLE_PX56,future_sensitivity,HNLCalc + GARGOYLE geometry-only reach
1.86914900105,3.2647818446e-09,e_only,gargoyle,GARGOYLE_PX56,future_sensitivity,HNLCalc + GARGOYLE geometry-only reach
1.86933591595,3.69934640207e-09,e_only,gargoyle,GARGOYLE_PX56,future_sensitivity,HNLCalc + GARGOYLE geometry-only reach
1.86998398185,3.08006279154e-09,e_only,gargoyle,GARGOYLE_PX56,future_sensitivity,HNLCalc + GARGOYLE geometry-only reach
1.87017099895,3.22948219036e-09,e_only,gargoyle,GARGOYLE_PX56,future_sensitivity,HNLCalc + GARGOYLE geometry-only reach
1.87035801605,3.92495825747e-09,e_only,gargoyle,GARGOYLE_PX56,future_sensitivity,HNLCalc + GARGOYLE geometry-only reach
1.88240011666,3.53227911101e-09,e_only,gargoyle,GARGOYLE_PX56,future_sensitivity,HNLCalc + GARGOYLE geometry-only reach
1.8825883755,2.71748703315e-09,e_only,gargoyle,GARGOYLE_PX56,future_sensitivity,HNLCalc + GARGOYLE geometry-only reach
1.88277663434,4.10618312444e-09,e_only,gargoyle,GARGOYLE_PX56,future_sensitivity,HNLCalc + GARGOYLE geometry-only reach
1.91630873996,4.55930793922e-09,e_only,gargoyle,GARGOYLE_PX56,future_sensitivity,HNLCalc + GARGOYLE geometry-only reach
1.91650039,4.12353199341e-09,e_only,gargoyle,GARGOYLE_PX56,future_sensitivity,HNLCalc + GARGOYLE geometry-only reach
1.91669204004,4.47387240404e-09,e_only,gargoyle,GARGOYLE_PX56,future_sensitivity,HNLCalc + GARGOYLE geometry-only reach
1.95144791975,5.31346230784e-09,e_only,gargoyle,GARGOYLE_PX56,future_sensitivity,HNLCalc + GARGOYLE geometry-only reach
1.96764221715,5.09919986351e-09,e_only,gargoyle,GARGOYLE_PX56,future_sensitivity,HNLCalc + GARGOYLE geometry-only reach
1.96783900105,5.17774460713e-09,e_only,gargoyle,GARGOYLE_PX56,future_sensitivity,HNLCalc + GARGOYLE geometry-only reach
1.96803578495,5.2517981285e-09,e_only,gargoyle,GARGOYLE_PX56,future_sensitivity,HNLCalc + GARGOYLE geometry-only reach
1.96866411285,5.55039294492e-09,e_only,gargoyle,GARGOYLE_PX56,future_sensitivity,HNLCalc + GARGOYLE geometry-only reach
1.96886099895,5.71883995461e-09,e_only,gargoyle,GARGOYLE_PX56,future_sensitivity,HNLCalc + GARGOYLE geometry-only reach
1.96905788505,4.77419939473e-09,e_only,gargoyle,GARGOYLE_PX56,future_sensitivity,HNLCalc + GARGOYLE geometry-only reach
1.97512084366,5.20336366176e-09,e_only,gargoyle,GARGOYLE_PX56,future_sensitivity,HNLCalc + GARGOYLE geometry-only reach
1.9753183755,5.16400015637e-09,e_only,gargoyle,GARGOYLE_PX56,future_sensitivity,HNLCalc + GARGOYLE geometry-only reach
1.97551590734,5.16190077097e-09,e_only,gargoyle,GARGOYLE_PX56,future_sensitivity,HNLCalc + GARGOYLE geometry-only reach
2.05051483068,4.94453166822e-09,e_only,gargoyle,GARGOYLE_PX56,future_sensitivity,HNLCalc + GARGOYLE geometry-only reach
2.07380097466,5.04499237665e-09,e_only,gargoyle,GARGOYLE_PX56,future_sensitivity,HNLCalc + GARGOYLE geometry-only reach
2.0740083755,5.07977792636e-09,e_only,gargoyle,GARGOYLE_PX56,future_sensitivity,HNLCalc + GARGOYLE geometry-only reach
2.07421577634,4.89899521169e-09,e_only,gargoyle,GARGOYLE_PX56,future_sensitivity,HNLCalc + GARGOYLE geometry-only reach
2.15461095748,4.85250490522e-09,e_only,gargoyle,GARGOYLE_PX56,future_sensitivity,HNLCalc + GARGOYLE geometry-only reach
2.26399161257,4.9342393776e-09,e_only,gargoyle,GARGOYLE_PX56,future_sensitivity,HNLCalc + GARGOYLE geometry-only reach
2.2703799393,5.4193061353e-09,e_only,gargoyle,GARGOYLE_PX56,future_sensitivity,HNLCalc + GARGOYLE geometry-only reach
2.270607,5.02307009116e-09,e_only,gargoyle,GARGOYLE_PX56,future_sensitivity,HNLCalc + GARGOYLE geometry-only reach
2.2708340607,5.44680420816e-09,e_only,gargoyle,GARGOYLE_PX56,future_sensitivity,HNLCalc + GARGOYLE geometry-only reach
2.3789250695,5.11828363336e-09,e_only,gargoyle,GARGOYLE_PX56,future_sensitivity,HNLCalc + GARGOYLE geometry-only reach
2.49969322098,5.92733254761e-09,e_only,gargoyle,GARGOYLE_PX56,future_sensitivity,HNLCalc + GARGOYLE geometry-only reach
2.54444553,5.83807313565e-09,e_only,gargoyle,GARGOYLE_PX56,future_sensitivity,HNLCalc + GARGOYLE geometry-only reach
2.5447,5.83306491854e-09,e_only,gargoyle,GARGOYLE_PX56,future_sensitivity,HNLCalc + GARGOYLE geometry-only reach
2.54495447,6.31137082488e-09,e_only,gargoyle,GARGOYLE_PX56,future_sensitivity,HNLCalc + GARGOYLE geometry-only reach
2.551784796,6.21449383786e-09,e_only,gargoyle,GARGOYLE_PX56,future_sensitivity,HNLCalc + GARGOYLE geometry-only reach
2.55204,6.20007077577e-09,e_only,gargoyle,GARGOYLE_PX56,future_sensitivity,HNLCalc + GARGOYLE geometry-only reach
2.552295204,6.10031661799e-09,e_only,gargoyle,GARGOYLE_PX56,future_sensitivity,HNLCalc + GARGOYLE geometry-only reach
2.62659227024,6.64769213578e-09,e_only,gargoyle,GARGOYLE_PX56,future_sensitivity,HNLCalc + GARGOYLE geometry-only reach
2.66833314,7.23638877483e-09,e_only,gargoyle,GARGOYLE_PX56,future_sensitivity,HNLCalc + GARGOYLE geometry-only reach
2.6686,7.1215422634e-09,e_only,gargoyle,GARGOYLE_PX56,future_sensitivity,HNLCalc + GARGOYLE geometry-only reach
2.66886686,6.72449237097e-09,e_only,gargoyle,GARGOYLE_PX56,future_sensitivity,HNLCalc + GARGOYLE geometry-only reach
2.698060167,7.76081313412e-09,e_only,gargoyle,GARGOYLE_PX56,future_sensitivity,HNLCalc + GARGOYLE geometry-only reach
2.69833,7.1512760852e-09,e_only,gargoyle,GARGOYLE_PX56,future_sensitivity,HNLCalc + GARGOYLE geometry-only reach
2.698599833,7.54705485295e-09,e_only,gargoyle,GARGOYLE_PX56,future_sensitivity,HNLCalc + GARGOYLE geometry-only reach
2.719548018,7.71298511953e-09,e_only,gargoyle,GARGOYLE_PX56,future_sensitivity,HNLCalc + GARGOYLE geometry-only reach
2.71982,7.62018178774e-09,e_only,gargoyle,GARGOYLE_PX56,future_sensitivity,HNLCalc + GARGOYLE geometry-only reach
2.720091982,7.21110992432e-09,e_only,gargoyle,GARGOYLE_PX56,future_sensitivity,HNLCalc + GARGOYLE geometry-only reach
2.726947278,7.39117319202e-09,e_only,gargoyle,GARGOYLE_PX56,future_sensitivity,HNLCalc + GARGOYLE geometry-only reach
2.72722,7.5829759919e-09,e_only,gargoyle,GARGOYLE_PX56,future_sensitivity,HNLCalc + GARGOYLE geometry-only reach
2.727407232,7.60641493931e-09,e_only,gargoyle,GARGOYLE_PX56,future_sensitivity,HNLCalc + GARGOYLE geometry-only reach
2.727492722,7.34708236995e-09,e_only,gargoyle,GARGOYLE_PX56,future_sensitivity,HNLCalc + GARGOYLE geometry-only reach
2.72768,6.5631914302e-09,e_only,gargoyle,GARGOYLE_PX56,future_sensitivity,HNLCalc + GARGOYLE geometry-only reach
2.727952768,7.9658569523e-09,e_only,gargoyle,GARGOYLE_PX56,future_sensitivity,HNLCalc + GARGOYLE geometry-only reach
2.7599334575,7.52377062507e-09,e_only,gargoyle,GARGOYLE_PX56,future_sensitivity,HNLCalc + GARGOYLE geometry-only reach
2.90004382338,1.02366889054e-08,e_only,gargoyle,GARGOYLE_PX56,future_sensitivity,HNLCalc + GARGOYLE geometry-only reach
2.9543225382,1.25477799687e-08,e_only,gargoyle,GARGOYLE_PX56,future_sensitivity,HNLCalc + GARGOYLE geometry-only reach
2.954618,1.08541064245e-08,e_only,gargoyle,GARGOYLE_PX56,future_sensitivity,HNLCalc + GARGOYLE geometry-only reach
2.9549134618,1.14645092422e-08,e_only,gargoyle,GARGOYLE_PX56,future_sensitivity,HNLCalc + GARGOYLE geometry-only reach
3.04726701096,1.49731547737e-08,e_only,gargoyle,GARGOYLE_PX56,future_sensitivity,HNLCalc + GARGOYLE geometry-only reach
3.0960133677,1.69341033913e-08,e_only,gargoyle,GARGOYLE_PX56,future_sensitivity,HNLCalc + GARGOYLE geometry-only reach
3.096323,1.40269121433e-08,e_only,gargoyle,GARGOYLE_PX56,future_sensitivity,HNLCalc + GARGOYLE geometry-only reach
3.0966326323,1.40438494559e-08,e_only,gargoyle,GARGOYLE_PX56,future_sensitivity,HNLCalc + GARGOYLE geometry-only reach
3.14875671734,1.61473703662e-08,e_only,gargoyle,GARGOYLE_PX56,future_sensitivity,HNLCalc + GARGOYLE geometry-only reach
3.1490716245,1.50187612888e-08,e_only,gargoyle,GARGOYLE_PX56,future_sensitivity,HNLCalc + GARGOYLE geometry-only reach
3.14938653166,1.5747009135e-08,e_only,gargoyle,GARGOYLE_PX56,future_sensitivity,HNLCalc + GARGOYLE geometry-only reach
3.16348524434,1.6072490235e-08,e_only,gargoyle,GARGOYLE_PX56,future_sensitivity,HNLCalc + GARGOYLE geometry-only reach
3.1638016245,1.53171590732e-08,e_only,gargoyle,GARGOYLE_PX56,future_sensitivity,HNLCalc + GARGOYLE geometry-only reach
3.16411800466,1.52097042105e-08,e_only,gargoyle,GARGOYLE_PX56,future_sensitivity,HNLCalc + GARGOYLE geometry-only reach
3.16658493434,1.59598261967e-08,e_only,gargoyle,GARGOYLE_PX56,future_sensitivity,HNLCalc + GARGOYLE geometry-only reach
3.1669016245,1.82501431806e-08,e_only,gargoyle,GARGOYLE_PX56,future_sensitivity,HNLCalc + GARGOYLE geometry-only reach
3.16721831466,1.54628792536e-08,e_only,gargoyle,GARGOYLE_PX56,future_sensitivity,HNLCalc + GARGOYLE geometry-only reach
3.2019641087,1.54840455455e-08,e_only,gargoyle,GARGOYLE_PX56,future_sensitivity,HNLCalc + GARGOYLE geometry-only reach
3.25389357915,1.54175418767e-08,e_only,gargoyle,GARGOYLE_PX56,future_sensitivity,HNLCalc + GARGOYLE geometry-only reach
3.25421900105,1.64595997734e-08,e_only,gargoyle,GARGOYLE_PX56,future_sensitivity,HNLCalc + GARGOYLE geometry-only reach
3.25454442295,1.56327301323e-08,e_only,gargoyle,GARGOYLE_PX56,future_sensitivity,HNLCalc + GARGOYLE geometry-only reach
3.26862210615,1.58171270896e-08,e_only,gargoyle,GARGOYLE_PX56,future_sensitivity,HNLCalc + GARGOYLE geometry-only reach
3.26894900105,1.66050455633e-08,e_only,gargoyle,GARGOYLE_PX56,future_sensitivity,HNLCalc + GARGOYLE geometry-only reach
3.26927589595,1.74488808924e-08,e_only,gargoyle,GARGOYLE_PX56,future_sensitivity,HNLCalc + GARGOYLE geometry-only reach
3.27172179615,1.81105364673e-08,e_only,gargoyle,GARGOYLE_PX56,future_sensitivity,HNLCalc + GARGOYLE geometry-only reach
3.27204900105,1.6583931682e-08,e_only,gargoyle,GARGOYLE_PX56,future_sensitivity,HNLCalc + GARGOYLE geometry-only reach
3.27237620595,1.76938800762e-08,e_only,gargoyle,GARGOYLE_PX56,future_sensitivity,HNLCalc + GARGOYLE geometry-only reach
3.29259233234,1.71892592403e-08,e_only,gargoyle,GARGOYLE_PX56,future_sensitivity,HNLCalc + GARGOYLE geometry-only reach
3.2929216245,1.61400345344e-08,e_only,gargoyle,GARGOYLE_PX56,future_sensitivity,HNLCalc + GARGOYLE geometry-only reach
3.29325091666,1.5623271237e-08,e_only,gargoyle,GARGOYLE_PX56,future_sensitivity,HNLCalc + GARGOYLE geometry-only reach
3.30407118434,1.81445386855e-08,e_only,gargoyle,GARGOYLE_PX56,future_sensitivity,HNLCalc + GARGOYLE geometry-only reach
3.3044016245,1.7419380864e-08,e_only,gargoyle,GARGOYLE_PX56,future_sensitivity,HNLCalc + GARGOYLE geometry-only reach
3.30473206466,1.74658913899e-08,e_only,gargoyle,GARGOYLE_PX56,future_sensitivity,HNLCalc + GARGOYLE geometry-only reach
3.30858073334,1.69023061408e-08,e_only,gargoyle,GARGOYLE_PX56,future_sensitivity,HNLCalc + GARGOYLE geometry-only reach
3.3089116245,1.7571233341e-08,e_only,gargoyle,GARGOYLE_PX56,future_sensitivity,HNLCalc + GARGOYLE geometry-only reach
3.30924251566,1.6716468383e-08,e_only,gargoyle,GARGOYLE_PX56,future_sensitivity,HNLCalc + GARGOYLE geometry-only reach
3.36288328804,1.79588685381e-08,e_only,gargoyle,GARGOYLE_PX56,future_sensitivity,HNLCalc + GARGOYLE geometry-only reach
3.36321961,1.52981701054e-08,e_only,gargoyle,GARGOYLE_PX56,future_sensitivity,HNLCalc + GARGOYLE geometry-only reach
3.36355593196,1.65006100132e-08,e_only,gargoyle,GARGOYLE_PX56,future_sensitivity,HNLCalc + GARGOYLE geometry-only reach
3.36451453598,1.65596482212e-08,e_only,gargoyle,GARGOYLE_PX56,future_sensitivity,HNLCalc + GARGOYLE geometry-only reach
3.36716644968,1.78836791037e-08,e_only,gargoyle,GARGOYLE_PX56,future_sensitivity,HNLCalc + GARGOYLE geometry-only reach
3.3675032,1.53620573293e-08,e_only,gargoyle,GARGOYLE_PX56,future_sensitivity,HNLCalc + GARGOYLE geometry-only reach
3.36783995032,1.70331736078e-08,e_only,gargoyle,GARGOYLE_PX56,future_sensitivity,HNLCalc + GARGOYLE geometry-only reach
3.39772919415,1.88302091245e-08,e_only,gargoyle,GARGOYLE_PX56,future_sensitivity,HNLCalc + GARGOYLE geometry-only reach
3.39806900105,1.71875843983e-08,e_only,gargoyle,GARGOYLE_PX56,future_sensitivity,HNLCalc + GARGOYLE geometry-only reach
3.39840880795,1.7462978802e-08,e_only,gargoyle,GARGOYLE_PX56,future_sensitivity,HNLCalc + GARGOYLE geometry-only reach
3.40920804615,1.75416250676e-08,e_only,gargoyle,GARGOYLE_PX56,future_sensitivity,HNLCalc + GARGOYLE geometry-only reach
3.40954900105,1.70763168978e-08,e_only,gargoyle,GARGOYLE_PX56,future_sensitivity,HNLCalc + GARGOYLE geometry-only reach
3.40988995595,1.4418689223e-08,e_only,gargoyle,GARGOYLE_PX56,future_sensitivity,HNLCalc + GARGOYLE geometry-only reach
3.41371759515,1.69643709524e-08,e_only,gargoyle,GARGOYLE_PX56,future_sensitivity,HNLCalc + GARGOYLE geometry-only reach
3.41405900105,1.52145786081e-08,e_only,gargoyle,GARGOYLE_PX56,future_sensitivity,HNLCalc + GARGOYLE geometry-only reach
3.41440040695,1.58232042314e-08,e_only,gargoyle,GARGOYLE_PX56,future_sensitivity,HNLCalc + GARGOYLE geometry-only reach
3.502129752,1.67462528091e-08,e_only,gargoyle,GARGOYLE_PX56,future_sensitivity,HNLCalc + GARGOYLE geometry-only reach
3.50248,1.71819491096e-08,e_only,gargoyle,GARGOYLE_PX56,future_sensitivity,HNLCalc + GARGOYLE geometry-only reach
3.502830248,1.57987024328e-08,e_only,gargoyle,GARGOYLE_PX56,future_sensitivity,HNLCalc + GARGOYLE geometry-only reach
3.53531697375,1.55908382589e-08,e_only,gargoyle,GARGOYLE_PX56,future_sensitivity,HNLCalc + GARGOYLE geometry-only reach
3.553504614,1.70761889045e-08,e_only,gargoyle,GARGOYLE_PX56,future_sensitivity,HNLCalc + GARGOYLE geometry-only reach
3.55386,1.77460110946e-08,e_only,gargoyle,GARGOYLE_PX56,future_sensitivity,HNLCalc + GARGOYLE geometry-only reach
3.554215386,1.67125846421e-08,e_only,gargoyle,GARGOYLE_PX56,future_sensitivity,HNLCalc + GARGOYLE geometry-only reach
3.646225341,1.89854287872e-08,e_only,gargoyle,GARGOYLE_PX56,future_sensitivity,HNLCalc + GARGOYLE geometry-only reach
3.64659,1.91409595036e-08,e_only,gargoyle,GARGOYLE_PX56,future_sensitivity,HNLCalc + GARGOYLE geometry-only reach
3.646954659,1.80340699554e-08,e_only,gargoyle,GARGOYLE_PX56,future_sensitivity,HNLCalc + GARGOYLE geometry-only reach
3.71479034234,1.7407275157e-08,e_only,gargoyle,GARGOYLE_PX56,future_sensitivity,HNLCalc + GARGOYLE geometry-only reach
3.744905472,1.75010771233e-08,e_only,gargoyle,GARGOYLE_PX56,future_sensitivity,HNLCalc + GARGOYLE geometry-only reach
3.74528,2.28618477454e-08,e_only,gargoyle,GARGOYLE_PX56,future_sensitivity,HNLCalc + GARGOYLE geometry-only reach
3.745654528,1.8908527732e-08,e_only,gargoyle,GARGOYLE_PX56,future_sensitivity,HNLCalc + GARGOYLE geometry-only reach
3.90337482889,3.9040639871e-08,e_only,gargoyle,GARGOYLE_PX56,future_sensitivity,HNLCalc + GARGOYLE geometry-only reach
3.90337482889,7.17723276789e-08,e_only,gargoyle,GARGOYLE_PX56,future_sensitivity,HNLCalc + GARGOYLE geometry-only reach
3.745654528,2.70945839734e-07,e_only,gargoyle,GARGOYLE_PX56,future_sensitivity,HNLCalc + GARGOYLE geometry-only reach
3.74528,1.67977635936e-07,e_only,gargoyle,GARGOYLE_PX56,future_sensitivity,HNLCalc + GARGOYLE geometry-only reach
3.744905472,1.71802427867e-07,e_only,gargoyle,GARGOYLE_PX56,future_sensitivity,HNLCalc + GARGOYLE geometry-only reach
3.71479034234,1.91260803772e-07,e_only,gargoyle,GARGOYLE_PX56,future_sensitivity,HNLCalc + GARGOYLE geometry-only reach
3.646954659,2.92459734049e-07,e_only,gargoyle,GARGOYLE_PX56,future_sensitivity,HNLCalc + GARGOYLE geometry-only reach
3.64659,3.40792661588e-07,e_only,gargoyle,GARGOYLE_PX56,future_sensitivity,HNLCalc + GARGOYLE geometry-only reach
3.646225341,2.35887581737e-07,e_only,gargoyle,GARGOYLE_PX56,future_sensitivity,HNLCalc + GARGOYLE geometry-only reach
3.554215386,3.70264751315e-07,e_only,gargoyle,GARGOYLE_PX56,future_sensitivity,HNLCalc + GARGOYLE geometry-only reach
3.55386,4.01326392588e-07,e_only,gargoyle,GARGOYLE_PX56,future_sensitivity,HNLCalc + GARGOYLE geometry-only reach
3.553504614,2.82248149675e-07,e_only,gargoyle,GARGOYLE_PX56,future_sensitivity,HNLCalc + GARGOYLE geometry-only reach
3.53531697375,3.93022412993e-07,e_only,gargoyle,GARGOYLE_PX56,future_sensitivity,HNLCalc + GARGOYLE geometry-only reach
3.502830248,5.20506049326e-07,e_only,gargoyle,GARGOYLE_PX56,future_sensitivity,HNLCalc + GARGOYLE geometry-only reach
3.50248,4.1311267696e-07,e_only,gargoyle,GARGOYLE_PX56,future_sensitivity,HNLCalc + GARGOYLE geometry-only reach
3.502129752,3.46505622872e-07,e_only,gargoyle,GARGOYLE_PX56,future_sensitivity,HNLCalc + GARGOYLE geometry-only reach
3.41440040695,7.04219305121e-07,e_only,gargoyle,GARGOYLE_PX56,future_sensitivity,HNLCalc + GARGOYLE geometry-only reach
3.41405900105,6.67995847909e-07,e_only,gargoyle,GARGOYLE_PX56,future_sensitivity,HNLCalc + GARGOYLE geometry-only reach
3.41371759515,5.30779006216e-07,e_only,gargoyle,GARGOYLE_PX56,future_sensitivity,HNLCalc + GARGOYLE geometry-only reach
3.40988995595,5.6570806011e-07,e_only,gargoyle,GARGOYLE_PX56,future_sensitivity,HNLCalc + GARGOYLE geometry-only reach
3.40954900105,1.86681760577e-06,e_only,gargoyle,GARGOYLE_PX56,future_sensitivity,HNLCalc + GARGOYLE geometry-only reach
3.40920804615,4.91785495998e-07,e_only,gargoyle,GARGOYLE_PX56,future_sensitivity,HNLCalc + GARGOYLE geometry-only reach
3.39840880795,4.5102904328e-07,e_only,gargoyle,GARGOYLE_PX56,future_sensitivity,HNLCalc + GARGOYLE geometry-only reach
3.39806900105,8.80639531996e-07,e_only,gargoyle,GARGOYLE_PX56,future_sensitivity,HNLCalc + GARGOYLE geometry-only reach
3.39772919415,4.6736410568e-07,e_only,gargoyle,GARGOYLE_PX56,future_sensitivity,HNLCalc + GARGOYLE geometry-only reach
3.36783995032,3.65660975294e-07,e_only,gargoyle,GARGOYLE_PX56,future_sensitivity,HNLCalc + GARGOYLE geometry-only reach
3.3675032,5.28661759599e-07,e_only,gargoyle,GARGOYLE_PX56,future_sensitivity,HNLCalc + GARGOYLE geometry-only reach
3.36716644968,5.51676092097e-07,e_only,gargoyle,GARGOYLE_PX56,future_sensitivity,HNLCalc + GARGOYLE geometry-only reach
3.36451453598,5.92024501776e-07,e_only,gargoyle,GARGOYLE_PX56,future_sensitivity,HNLCalc + GARGOYLE geometry-only reach
3.36355593196,7.00902408077e-07,e_only,gargoyle,GARGOYLE_PX56,future_sensitivity,HNLCalc + GARGOYLE geometry-only reach
3.36321961,5.59587810185e-07,e_only,gargoyle,GARGOYLE_PX56,future_sensitivity,HNLCalc + GARGOYLE geometry-only reach
3.36288328804,8.49517565624e-07,e_only,gargoyle,GARGOYLE_PX56,future_sensitivity,HNLCalc + GARGOYLE geometry-only reach
3.30924251566,5.89837556654e-07,e_only,gargoyle,GARGOYLE_PX56,future_sensitivity,HNLCalc + GARGOYLE geometry-only reach
3.3089116245,8.03660139437e-07,e_only,gargoyle,GARGOYLE_PX56,future_sensitivity,HNLCalc + GARGOYLE geometry-only reach
3.30858073334,7.84456173026e-07,e_only,gargoyle,GARGOYLE_PX56,future_sensitivity,HNLCalc + GARGOYLE geometry-only reach
3.30473206466,6.34692661e-07,e_only,gargoyle,GARGOYLE_PX56,future_sensitivity,HNLCalc + GARGOYLE geometry-only reach
3.3044016245,5.17552810404e-07,e_only,gargoyle,GARGOYLE_PX56,future_sensitivity,HNLCalc + GARGOYLE geometry-only reach
3.30407118434,7.02149919287e-07,e_only,gargoyle,GARGOYLE_PX56,future_sensitivity,HNLCalc + GARGOYLE geometry-only reach
3.29325091666,7.91119678696e-07,e_only,gargoyle,GARGOYLE_PX56,future_sensitivity,HNLCalc + GARGOYLE geometry-only reach
3.2929216245,7.93512982332e-07,e_only,gargoyle,GARGOYLE_PX56,future_sensitivity,HNLCalc + GARGOYLE geometry-only reach
3.29259233234,5.42930783294e-07,e_only,gargoyle,GARGOYLE_PX56,future_sensitivity,HNLCalc + GARGOYLE geometry-only reach
3.27237620595,6.87380591738e-07,e_only,gargoyle,GARGOYLE_PX56,future_sensitivity,HNLCalc + GARGOYLE geometry-only reach
3.27204900105,7.76839352235e-07,e_only,gargoyle,GARGOYLE_PX56,future_sensitivity,HNLCalc + GARGOYLE geometry-only reach
3.27172179615,9.41585719707e-07,e_only,gargoyle,GARGOYLE_PX56,future_sensitivity,HNLCalc + GARGOYLE geometry-only reach
3.26927589595,8.64033049776e-07,e_only,gargoyle,GARGOYLE_PX56,future_sensitivity,HNLCalc + GARGOYLE geometry-only reach
3.26894900105,7.02473003495e-07,e_only,gargoyle,GARGOYLE_PX56,future_sensitivity,HNLCalc + GARGOYLE geometry-only reach
3.26862210615,9.57270662647e-07,e_only,gargoyle,GARGOYLE_PX56,future_sensitivity,HNLCalc + GARGOYLE geometry-only reach
3.25454442295,1.29064161448e-06,e_only,gargoyle,GARGOYLE_PX56,future_sensitivity,HNLCalc + GARGOYLE geometry-only reach
3.25421900105,9.12807567268e-07,e_only,gargoyle,GARGOYLE_PX56,future_sensitivity,HNLCalc + GARGOYLE geometry-only reach
3.25389357915,7.86298713512e-07,e_only,gargoyle,GARGOYLE_PX56,future_sensitivity,HNLCalc + GARGOYLE geometry-only reach
3.2019641087,8.99995453982e-07,e_only,gargoyle,GARGOYLE_PX56,future_sensitivity,HNLCalc + GARGOYLE geometry-only reach
3.16721831466,1.03961310348e-06,e_only,gargoyle,GARGOYLE_PX56,future_sensitivity,HNLCalc + GARGOYLE geometry-only reach
3.1669016245,1.22006410395e-06,e_only,gargoyle,GARGOYLE_PX56,future_sensitivity,HNLCalc + GARGOYLE geometry-only reach
3.16658493434,1.14282608141e-06,e_only,gargoyle,GARGOYLE_PX56,future_sensitivity,HNLCalc + GARGOYLE geometry-only reach
3.16411800466,1.95492438644e-06,e_only,gargoyle,GARGOYLE_PX56,future_sensitivity,HNLCalc + GARGOYLE geometry-only reach
3.1638016245,1.05522416115e-06,e_only,gargoyle,GARGOYLE_PX56,future_sensitivity,HNLCalc + GARGOYLE geometry-only reach
3.16348524434,1.53701483727e-06,e_only,gargoyle,GARGOYLE_PX56,future_sensitivity,HNLCalc + GARGOYLE geometry-only reach
3.14938653166,1.19153602598e-06,e_only,gargoyle,GARGOYLE_PX56,future_sensitivity,HNLCalc + GARGOYLE geometry-only reach
3.1490716245,4.09560164097e-06,e_only,gargoyle,GARGOYLE_PX56,future_sensitivity,HNLCalc + GARGOYLE geometry-only reach
3.14875671734,9.13610983068e-07,e_only,gargoyle,GARGOYLE_PX56,future_sensitivity,HNLCalc + GARGOYLE geometry-only reach
3.0966326323,1.28587396994e-06,e_only,gargoyle,GARGOYLE_PX56,future_sensitivity,HNLCalc + GARGOYLE geometry-only reach
3.096323,1.25173093761e-06,e_only,gargoyle,GARGOYLE_PX56,future_sensitivity,HNLCalc + GARGOYLE geometry-only reach
3.0960133677,1.24663039516e-06,e_only,gargoyle,GARGOYLE_PX56,future_sensitivity,HNLCalc + GARGOYLE geometry-only reach
3.04726701096,1.48345929726e-06,e_only,gargoyle,GARGOYLE_PX56,future_sensitivity,HNLCalc + GARGOYLE geometry-only reach
2.9549134618,1.92629004262e-06,e_only,gargoyle,GARGOYLE_PX56,future_sensitivity,HNLCalc + GARGOYLE geometry-only reach
2.954618,2.9804358947e-06,e_only,gargoyle,GARGOYLE_PX56,future_sensitivity,HNLCalc + GARGOYLE geometry-only reach
2.9543225382,1.7526002178e-06,e_only,gargoyle,GARGOYLE_PX56,future_sensitivity,HNLCalc + GARGOYLE geometry-only reach
2.90004382338,4.15695408754e-06,e_only,gargoyle,GARGOYLE_PX56,future_sensitivity,HNLCalc + GARGOYLE geometry-only reach
2.7599334575,4.88441162116e-06,e_only,gargoyle,GARGOYLE_PX56,future_sensitivity,HNLCalc + GARGOYLE geometry-only reach
2.727952768,6.43521753673e-06,e_only,gargoyle,GARGOYLE_PX56,future_sensitivity,HNLCalc + GARGOYLE geometry-only reach
2.72768,4.30214353413e-06,e_only,gargoyle,GARGOYLE_PX56,future_sensitivity,HNLCalc + GARGOYLE geometry-only reach
2.727492722,6.94503109165e-06,e_only,gargoyle,GARGOYLE_PX56,future_sensitivity,HNLCalc + GARGOYLE geometry-only reach
2.727407232,1.10033637974e-05,e_only,gargoyle,GARGOYLE_PX56,future_sensitivity,HNLCalc + GARGOYLE geometry-only reach
2.72722,5.81463558267e-06,e_only,gargoyle,GARGOYLE_PX56,future_sensitivity,HNLCalc + GARGOYLE geometry-only reach
2.726947278,5.02462809695e-06,e_only,gargoyle,GARGOYLE_PX56,future_sensitivity,HNLCalc + GARGOYLE geometry-only reach
2.720091982,3.60136789456e-06,e_only,gargoyle,GARGOYLE_PX56,future_sensitivity,HNLCalc + GARGOYLE geometry-only reach
2.71982,4.27806075813e-06,e_only,gargoyle,GARGOYLE_PX56,future_sensitivity,HNLCalc + GARGOYLE geometry-only reach
2.719548018,5.17015326948e-06,e_only,gargoyle,GARGOYLE_PX56,future_sensitivity,HNLCalc + GARGOYLE geometry-only reach
2.698599833,5.15972489014e-06,e_only,gargoyle,GARGOYLE_PX56,future_sensitivity,HNLCalc + GARGOYLE geometry-only reach
2.69833,3.80310793804e-06,e_only,gargoyle,GARGOYLE_PX56,future_sensitivity,HNLCalc + GARGOYLE geometry-only reach
2.698060167,3.7783071624e-06,e_only,gargoyle,GARGOYLE_PX56,future_sensitivity,HNLCalc + GARGOYLE geometry-only reach
2.66886686,5.69221067161e-06,e_only,gargoyle,GARGOYLE_PX56,future_sensitivity,HNLCalc + GARGOYLE geometry-only reach
2.6686,4.95451119204e-06,e_only,gargoyle,GARGOYLE_PX56,future_sensitivity,HNLCalc + GARGOYLE geometry-only reach
2.66833314,1.03175905193e-05,e_only,gargoyle,GARGOYLE_PX56,future_sensitivity,HNLCalc + GARGOYLE geometry-only reach
2.62659227024,7.27214613724e-06,e_only,gargoyle,GARGOYLE_PX56,future_sensitivity,HNLCalc + GARGOYLE geometry-only reach
2.552295204,8.57927365497e-06,e_only,gargoyle,GARGOYLE_PX56,future_sensitivity,HNLCalc + GARGOYLE geometry-only reach
2.55204,9.7837001303e-06,e_only,gargoyle,GARGOYLE_PX56,future_sensitivity,HNLCalc + GARGOYLE geometry-only reach
2.551784796,9.33556888298e-06,e_only,gargoyle,GARGOYLE_PX56,future_sensitivity,HNLCalc + GARGOYLE geometry-only reach
2.54495447,8.34380480676e-06,e_only,gargoyle,GARGOYLE_PX56,future_sensitivity,HNLCalc + GARGOYLE geometry-only reach
2.5447,2.25440543673e-05,e_only,gargoyle,GARGOYLE_PX56,future_sensitivity,HNLCalc + GARGOYLE geometry-only reach
2.54444553,1.08425346492e-05,e_only,gargoyle,GARGOYLE_PX56,future_sensitivity,HNLCalc + GARGOYLE geometry-only reach
2.49969322098,8.73332876794e-06,e_only,gargoyle,GARGOYLE_PX56,future_sensitivity,HNLCalc + GARGOYLE geometry-only reach
2.3789250695,3.65721534265e-05,e_only,gargoyle,GARGOYLE_PX56,future_sensitivity,HNLCalc + GARGOYLE geometry-only reach
2.2708340607,2.10355315726e-05,e_only,gargoyle,GARGOYLE_PX56,future_sensitivity,HNLCalc + GARGOYLE geometry-only reach
2.270607,1.88348320216e-05,e_only,gargoyle,GARGOYLE_PX56,future_sensitivity,HNLCalc + GARGOYLE geometry-only reach
2.2703799393,1.61525376996e-05,e_only,gargoyle,GARGOYLE_PX56,future_sensitivity,HNLCalc + GARGOYLE geometry-only reach
2.26399161257,6.39635285697e-05,e_only,gargoyle,GARGOYLE_PX56,future_sensitivity,HNLCalc + GARGOYLE geometry-only reach
2.15461095748,2.05877606474e-05,e_only,gargoyle,GARGOYLE_PX56,future_sensitivity,HNLCalc + GARGOYLE geometry-only reach
2.07421577634,3.61167902617e-05,e_only,gargoyle,GARGOYLE_PX56,future_sensitivity,HNLCalc + GARGOYLE geometry-only reach
2.0740083755,3.82028393417e-05,e_only,gargoyle,GARGOYLE_PX56,future_sensitivity,HNLCalc + GARGOYLE geometry-only reach
2.07380097466,5.68381179753e-05,e_only,gargoyle,GARGOYLE_PX56,future_sensitivity,HNLCalc + GARGOYLE geometry-only reach
2.05051483068,3.76669353329e-05,e_only,gargoyle,GARGOYLE_PX56,future_sensitivity,HNLCalc + GARGOYLE geometry-only reach
1.97551590734,5.19110856305e-05,e_only,gargoyle,GARGOYLE_PX56,future_sensitivity,HNLCalc + GARGOYLE geometry-only reach
1.9753183755,4.69801576075e-05,e_only,gargoyle,GARGOYLE_PX56,future_sensitivity,HNLCalc + GARGOYLE geometry-only reach
1.97512084366,4.2376595014e-05,e_only,gargoyle,GARGOYLE_PX56,future_sensitivity,HNLCalc + GARGOYLE geometry-only reach
1.96905788505,4.780605761e-05,e_only,gargoyle,GARGOYLE_PX56,future_sensitivity,HNLCalc + GARGOYLE geometry-only reach
1.96886099895,5.02675878103e-05,e_only,gargoyle,GARGOYLE_PX56,future_sensitivity,HNLCalc + GARGOYLE geometry-only reach
1.96866411285,7.53704892904e-05,e_only,gargoyle,GARGOYLE_PX56,future_sensitivity,HNLCalc + GARGOYLE geometry-only reach
1.96803578495,6.18516251096e-05,e_only,gargoyle,GARGOYLE_PX56,future_sensitivity,HNLCalc + GARGOYLE geometry-only reach
1.96783900105,8.41855451374e-05,e_only,gargoyle,GARGOYLE_PX56,future_sensitivity,HNLCalc + GARGOYLE geometry-only reach
1.96764221715,5.15873275131e-05,e_only,gargoyle,GARGOYLE_PX56,future_sensitivity,HNLCalc + GARGOYLE geometry-only reach
1.95144791975,0.000106941011391,e_only,gargoyle,GARGOYLE_PX56,future_sensitivity,HNLCalc + GARGOYLE geometry-only reach
1.91669204004,5.43504246794e-05,e_only,gargoyle,GARGOYLE_PX56,future_sensitivity,HNLCalc + GARGOYLE geometry-only reach
1.91650039,9.81701079132e-05,e_only,gargoyle,GARGOYLE_PX56,future_sensitivity,HNLCalc + GARGOYLE geometry-only reach
1.91630873996,5.41660685805e-05,e_only,gargoyle,GARGOYLE_PX56,future_sensitivity,HNLCalc + GARGOYLE geometry-only reach
1.88277663434,7.43950581772e-05,e_only,gargoyle,GARGOYLE_PX56,future_sensitivity,HNLCalc + GARGOYLE geometry-only reach
1.8825883755,8.52658340853e-05,e_only,gargoyle,GARGOYLE_PX56,future_sensitivity,HNLCalc + GARGOYLE geometry-only reach
1.88240011666,7.2806253054e-05,e_only,gargoyle,GARGOYLE_PX56,future_sensitivity,HNLCalc + GARGOYLE geometry-only reach
1.87035801605,0.000101159201233,e_only,gargoyle,GARGOYLE_PX56,future_sensitivity,HNLCalc + GARGOYLE geometry-only reach
1.87017099895,7.40183494008e-05,e_only,gargoyle,GARGOYLE_PX56,future_sensitivity,HNLCalc + GARGOYLE geometry-only reach
1.86998398185,0.000106715608712,e_only,gargoyle,GARGOYLE_PX56,future_sensitivity,HNLCalc + GARGOYLE geometry-only reach
1.86933591595,5.99082415595e-05,e_only,gargoyle,GARGOYLE_PX56,future_sensitivity,HNLCalc + GARGOYLE geometry-only reach
1.86914900105,5.97431540741e-05,e_only,gargoyle,GARGOYLE_PX56,future_sensitivity,HNLCalc + GARGOYLE geometry-only reach
1.86896208615,6.37716994619e-05,e_only,gargoyle,GARGOYLE_PX56,future_sensitivity,HNLCalc + GARGOYLE geometry-only reach
1.86287789366,8.03226922761e-05,e_only,gargoyle,GARGOYLE_PX56,future_sensitivity,HNLCalc + GARGOYLE geometry-only reach
1.8626916245,6.8999691282e-05,e_only,gargoyle,GARGOYLE_PX56,future_sensitivity,HNLCalc + GARGOYLE geometry-only reach
1.86250535534,5.91833999122e-05,e_only,gargoyle,GARGOYLE_PX56,future_sensitivity,HNLCalc + GARGOYLE geometry-only reach
1.85716724722,7.57374908586e-05,e_only,gargoyle,GARGOYLE_PX56,future_sensitivity,HNLCalc + GARGOYLE geometry-only reach
1.77761874305,0.000258409606535,e_only,gargoyle,GARGOYLE_PX56,future_sensitivity,HNLCalc + GARGOYLE geometry-only reach
1.77744099895,0.000161364510206,e_only,gargoyle,GARGOYLE_PX56,future_sensitivity,HNLCalc + GARGOYLE geometry-only reach
1.77726325485,0.00015713181964,e_only,gargoyle,GARGOYLE_PX56,future_sensitivity,HNLCalc + GARGOYLE geometry-only reach
1.76744157466,9.26205936398e-05,e_only,gargoyle,GARGOYLE_PX56,future_sensitivity,HNLCalc + GARGOYLE geometry-only reach
1.76417802466,0.000123881858121,e_only,gargoyle,GARGOYLE_PX56,future_sensitivity,HNLCalc + GARGOYLE geometry-only reach
1.7640016245,0.000122740887107,e_only,gargoyle,GARGOYLE_PX56,future_sensitivity,HNLCalc + GARGOYLE geometry-only reach
1.76382522434,0.000114612550669,e_only,gargoyle,GARGOYLE_PX56,future_sensitivity,HNLCalc + GARGOYLE geometry-only reach
1.73434561827,8.9191608254e-05,e_only,gargoyle,GARGOYLE_PX56,future_sensitivity,HNLCalc + GARGOYLE geometry-only reach
1.73417220105,9.37264092643e-05,e_only,gargoyle,GARGOYLE_PX56,future_sensitivity,HNLCalc + GARGOYLE geometry-only reach
1.73399878383,0.00023297311498,e_only,gargoyle,GARGOYLE_PX56,future_sensitivity,HNLCalc + GARGOYLE geometry-only reach
1.72493108691,0.000103456308591,e_only,gargoyle,GARGOYLE_PX56,future_sensitivity,HNLCalc + GARGOYLE geometry-only reach
1.72475861105,0.000247912950845,e_only,gargoyle,GARGOYLE_PX56,future_sensitivity,HNLCalc + GARGOYLE geometry-only reach
1.72458613519,0.000145626276788,e_only,gargoyle,GARGOYLE_PX56,future_sensitivity,HNLCalc + GARGOYLE geometry-only reach
1.6820508355,0.000154848761152,e_only,gargoyle,GARGOYLE_PX56,future_sensitivity,HNLCalc + GARGOYLE geometry-only reach
1.637803764,0.000129032876325,e_only,gargoyle,GARGOYLE_PX56,future_sensitivity,HNLCalc + GARGOYLE geometry-only reach
1.63764,0.000292279420848,e_only,gargoyle,GARGOYLE_PX56,future_sensitivity,HNLCalc + GARGOYLE geometry-only reach
1.637476236,0.000191796005925,e_only,gargoyle,GARGOYLE_PX56,future_sensitivity,HNLCalc + GARGOYLE geometry-only reach
1.633293313,0.000154099275948,e_only,gargoyle,GARGOYLE_PX56,future_sensitivity,HNLCalc + GARGOYLE geometry-only reach
1.63313,0.000173981524957,e_only,gargoyle,GARGOYLE_PX56,future_sensitivity,HNLCalc + GARGOYLE geometry-only reach
1.632966687,0.000215102756463,e_only,gargoyle,GARGOYLE_PX56,future_sensitivity,HNLCalc + GARGOYLE geometry-only reach
1.62918772698,0.000173896659499,e_only,gargoyle,GARGOYLE_PX56,future_sensitivity,HNLCalc + GARGOYLE geometry-only reach
1.6290248245,0.000326224933206,e_only,gargoyle,GARGOYLE_PX56,future_sensitivity,HNLCalc + GARGOYLE geometry-only reach
1.62886192202,0.000298682416099,e_only,gargoyle,GARGOYLE_PX56,future_sensitivity,HNLCalc + GARGOYLE geometry-only reach
1.621812165,0.000249153901432,e_only,gargoyle,GARGOYLE_PX56,future_sensitivity,HNLCalc + GARGOYLE geometry-only reach
1.62165,0.000276459792903,e_only,gargoyle,GARGOYLE_PX56,future_sensitivity,HNLCalc + GARGOYLE geometry-only reach
1.621487835,0.000332535700407,e_only,gargoyle,GARGOYLE_PX56,future_sensitivity,HNLCalc + GARGOYLE geometry-only reach
1.61977319562,0.000198355851868,e_only,gargoyle,GARGOYLE_PX56,future_sensitivity,HNLCalc + GARGOYLE geometry-only reach
1.6196112345,0.000357831390671,e_only,gargoyle,GARGOYLE_PX56,future_sensitivity,HNLCalc + GARGOYLE geometry-only reach
1.61944927338,0.000152835285585,e_only,gargoyle,GARGOYLE_PX56,future_sensitivity,HNLCalc + GARGOYLE geometry-only reach
1.60078559527,0.000227731067487,e_only,gargoyle,GARGOYLE_PX56,future_sensitivity,HNLCalc + GARGOYLE geometry-only reach
1.52344653797,0.000192637757683,e_only,gargoyle,GARGOYLE_PX56,future_sensitivity,HNLCalc + GARGOYLE geometry-only reach
1.495779563,0.000354000525117,e_only,gargoyle,GARGOYLE_PX56,future_sensitivity,HNLCalc + GARGOYLE geometry-only reach
1.49563,0.000293028588745,e_only,gargoyle,GARGOYLE_PX56,future_sensitivity,HNLCalc + GARGOYLE geometry-only reach
1.495480437,0.000426697938274,e_only,gargoyle,GARGOYLE_PX56,future_sensitivity,HNLCalc + GARGOYLE geometry-only reach
1.492679253,0.000311342802673,e_only,gargoyle,GARGOYLE_PX56,future_sensitivity,HNLCalc + GARGOYLE geometry-only reach
1.49253,0.000366913550686,e_only,gargoyle,GARGOYLE_PX56,future_sensitivity,HNLCalc + GARGOYLE geometry-only reach
1.492380747,0.00029239000615,e_only,gargoyle,GARGOYLE_PX56,future_sensitivity,HNLCalc + GARGOYLE geometry-only reach
1.47794778,0.00048801192005,e_only,gargoyle,GARGOYLE_PX56,future_sensitivity,HNLCalc + GARGOYLE geometry-only reach
1.4778,0.00064637267933,e_only,gargoyle,GARGOYLE_PX56,future_sensitivity,HNLCalc + GARGOYLE geometry-only reach
1.47765222,0.00037969850175,e_only,gargoyle,GARGOYLE_PX56,future_sensitivity,HNLCalc + GARGOYLE geometry-only reach
1.47037502385,0.000394018636975,e_only,gargoyle,GARGOYLE_PX56,future_sensitivity,HNLCalc + GARGOYLE geometry-only reach
1.47022800105,0.000344394392021,e_only,gargoyle,GARGOYLE_PX56,future_sensitivity,HNLCalc + GARGOYLE geometry-only reach
1.47008097825,0.000350829726336,e_only,gargoyle,GARGOYLE_PX56,future_sensitivity,HNLCalc + GARGOYLE geometry-only reach
1.44984397717,0.00106725757616,e_only,gargoyle,GARGOYLE_PX56,future_sensitivity,HNLCalc + GARGOYLE geometry-only reach
1.42011899875,0.000500631565701,e_only,gargoyle,GARGOYLE_PX56,future_sensitivity,HNLCalc + GARGOYLE geometry-only reach
1.41997700105,0.000390647248468,e_only,gargoyle,GARGOYLE_PX56,future_sensitivity,HNLCalc + GARGOYLE geometry-only reach
1.41983500335,0.000844169677997,e_only,gargoyle,GARGOYLE_PX56,future_sensitivity,HNLCalc + GARGOYLE geometry-only reach
1.37979739082,0.000410767225407,e_only,gargoyle,GARGOYLE_PX56,future_sensitivity,HNLCalc + GARGOYLE geometry-only reach
1.37167515485,0.000807627881797,e_only,gargoyle,GARGOYLE_PX56,future_sensitivity,HNLCalc + GARGOYLE geometry-only reach
1.37153800105,0.00166606989491,e_only,gargoyle,GARGOYLE_PX56,future_sensitivity,HNLCalc + GARGOYLE geometry-only reach
1.37140084725,0.000681706144762,e_only,gargoyle,GARGOYLE_PX56,future_sensitivity,HNLCalc + GARGOYLE geometry-only reach
1.37078906625,0.000459858918328,e_only,gargoyle,GARGOYLE_PX56,future_sensitivity,HNLCalc + GARGOYLE geometry-only reach
1.37065200105,0.000587665434918,e_only,gargoyle,GARGOYLE_PX56,future_sensitivity,HNLCalc + GARGOYLE geometry-only reach
1.37051493585,0.000940619551103,e_only,gargoyle,GARGOYLE_PX56,future_sensitivity,HNLCalc + GARGOYLE geometry-only reach
1.36521713256,0.000497867759487,e_only,gargoyle,GARGOYLE_PX56,future_sensitivity,HNLCalc + GARGOYLE geometry-only reach
1.3650806245,0.000539236052161,e_only,gargoyle,GARGOYLE_PX56,future_sensitivity,HNLCalc + GARGOYLE geometry-only reach
1.36494411644,0.00134508646763,e_only,gargoyle,GARGOYLE_PX56,future_sensitivity,HNLCalc + GARGOYLE geometry-only reach
1.32141912975,0.000955930526637,e_only,gargoyle,GARGOYLE_PX56,future_sensitivity,HNLCalc + GARGOYLE geometry-only reach
1.32128700105,0.00106098645333,e_only,gargoyle,GARGOYLE_PX56,future_sensitivity,HNLCalc + GARGOYLE geometry-only reach
1.32115487235,0.000662669367425,e_only,gargoyle,GARGOYLE_PX56,future_sensitivity,HNLCalc + GARGOYLE geometry-only reach
1.31496110746,0.000705315425561,e_only,gargoyle,GARGOYLE_PX56,future_sensitivity,HNLCalc + GARGOYLE geometry-only reach
1.3148296245,0.00103091403641,e_only,gargoyle,GARGOYLE_PX56,future_sensitivity,HNLCalc + GARGOYLE geometry-only reach
1.31469814154,0.000499485573592,e_only,gargoyle,GARGOYLE_PX56,future_sensitivity,HNLCalc + GARGOYLE geometry-only reach
1.31313497844,0.000745887693226,e_only,gargoyle,GARGOYLE_PX56,future_sensitivity,HNLCalc + GARGOYLE geometry-only reach
1.26651726356,0.00155454861826,e_only,gargoyle,GARGOYLE_PX56,future_sensitivity,HNLCalc + GARGOYLE geometry-only reach
1.2663906245,0.00135114356564,e_only,gargoyle,GARGOYLE_PX56,future_sensitivity,HNLCalc + GARGOYLE geometry-only reach
1.26626398544,0.000988933835908,e_only,gargoyle,GARGOYLE_PX56,future_sensitivity,HNLCalc + GARGOYLE geometry-only reach
1.26563117496,0.000732081664236,e_only,gargoyle,GARGOYLE_PX56,future_sensitivity,HNLCalc + GARGOYLE geometry-only reach
1.2655046245,0.00105521983575,e_only,gargoyle,GARGOYLE_PX56,future_sensitivity,HNLCalc + GARGOYLE geometry-only reach
1.26537807404,0.000705494284581,e_only,gargoyle,GARGOYLE_PX56,future_sensitivity,HNLCalc + GARGOYLE geometry-only reach
1.24969323981,0.000966438346542,e_only,gargoyle,GARGOYLE_PX56,future_sensitivity,HNLCalc + GARGOYLE geometry-only reach
1.21626123846,0.00136571796715,e_only,gargoyle,GARGOYLE_PX56,future_sensitivity,HNLCalc + GARGOYLE geometry-only reach
1.2161396245,0.00325725199724,e_only,gargoyle,GARGOYLE_PX56,future_sensitivity,HNLCalc + GARGOYLE geometry-only reach
1.21601801054,0.00127127171107,e_only,gargoyle,GARGOYLE_PX56,future_sensitivity,HNLCalc + GARGOYLE geometry-only reach
1.18931657389,0.00248323547374,e_only,gargoyle,GARGOYLE_PX56,future_sensitivity,HNLCalc + GARGOYLE geometry-only reach
1.13185689726,0.00137168739359,e_only,gargoyle,GARGOYLE_PX56,future_sensitivity,HNLCalc + GARGOYLE geometry-only reach
1.09399838995,0.00212386283246,e_only,gargoyle,GARGOYLE_PX56,future_sensitivity,HNLCalc + GARGOYLE geometry-only reach
1.09388900105,0.00250205771063,e_only,gargoyle,GARGOYLE_PX56,future_sensitivity,HNLCalc + GARGOYLE geometry-only reach
1.09377961215,0.00355489537083,e_only,gargoyle,GARGOYLE_PX56,future_sensitivity,HNLCalc + GARGOYLE geometry-only reach
1.08932792295,0.00232162479225,e_only,gargoyle,GARGOYLE_PX56,future_sensitivity,HNLCalc + GARGOYLE geometry-only reach
1.08921900105,0.00268822009621,e_only,gargoyle,GARGOYLE_PX56,future_sensitivity,HNLCalc + GARGOYLE geometry-only reach
1.08911007915,0.00289794031636,e_only,gargoyle,GARGOYLE_PX56,future_sensitivity,HNLCalc + GARGOYLE geometry-only reach
1.08659764995,0.00194775762019,e_only,gargoyle,GARGOYLE_PX56,future_sensitivity,HNLCalc + GARGOYLE geometry-only reach
1.08648900105,0.00204573035171,e_only,gargoyle,GARGOYLE_PX56,future_sensitivity,HNLCalc + GARGOYLE geometry-only reach
1.08638035215,0.00177732997909,e_only,gargoyle,GARGOYLE_PX56,future_sensitivity,HNLCalc + GARGOYLE geometry-only reach
1.07717328086,0.00263192209864,e_only,gargoyle,GARGOYLE_PX56,future_sensitivity,HNLCalc + GARGOYLE geometry-only reach
1.07239622995,0.00274475073053,e_only,gargoyle,GARGOYLE_PX56,future_sensitivity,HNLCalc + GARGOYLE geometry-only reach
1.07228900105,0.00485460979022,e_only,gargoyle,GARGOYLE_PX56,future_sensitivity,HNLCalc + GARGOYLE geometry-only reach
1.07218177215,0.00291221019084,e_only,gargoyle,GARGOYLE_PX56,future_sensitivity,HNLCalc + GARGOYLE geometry-only reach
1.02513160436,0.00309387654856,e_only,gargoyle,GARGOYLE_PX56,future_sensitivity,HNLCalc + GARGOYLE geometry-only reach
1.019561946,0.00559625953685,e_only,gargoyle,GARGOYLE_PX56,future_sensitivity,HNLCalc + GARGOYLE geometry-only reach
1.01946,0.00433177360977,e_only,gargoyle,GARGOYLE_PX56,future_sensitivity,HNLCalc + GARGOYLE geometry-only reach
1.019358054,0.00302508023318,e_only,gargoyle,GARGOYLE_PX56,future_sensitivity,HNLCalc + GARGOYLE geometry-only reach
1.01016000695,0.00294314594247,e_only,gargoyle,GARGOYLE_PX56,future_sensitivity,HNLCalc + GARGOYLE geometry-only reach
1.01005900105,0.00258604336496,e_only,gargoyle,GARGOYLE_PX56,future_sensitivity,HNLCalc + GARGOYLE geometry-only reach
1.00995799515,0.00257788252524,e_only,gargoyle,GARGOYLE_PX56,future_sensitivity,HNLCalc + GARGOYLE geometry-only reach
1.0001,0.012477052707,e_only,gargoyle,GARGOYLE_PX56,future_sensitivity,HNLCalc + GARGOYLE geometry-only reach
1,0.00303547289374,e_only,gargoyle,GARGOYLE_PX56,future_sensitivity,HNLCalc + GARGOYLE geometry-only reach
0.9999,0.00379456091927,e_only,gargoyle,GARGOYLE_PX56,future_sensitivity,HNLCalc + GARGOYLE geometry-only reach
0.997428108338,0.00658476519854,e_only,gargoyle,GARGOYLE_PX56,future_sensitivity,HNLCalc + GARGOYLE geometry-only reach
0.9973283755,0.00353335030323,e_only,gargoyle,GARGOYLE_PX56,future_sensitivity,HNLCalc + GARGOYLE geometry-only reach
0.997228642662,0.00769689589996,e_only,gargoyle,GARGOYLE_PX56,future_sensitivity,HNLCalc + GARGOYLE geometry-only reach
0.988840498662,0.00420595521849,e_only,gargoyle,GARGOYLE_PX56,future_sensitivity,HNLCalc + GARGOYLE geometry-only reach
0.9887416245,0.00355327453791,e_only,gargoyle,GARGOYLE_PX56,future_sensitivity,HNLCalc + GARGOYLE geometry-only reach
0.988642750338,0.00480549273716,e_only,gargoyle,GARGOYLE_PX56,future_sensitivity,HNLCalc + GARGOYLE geometry-only reach
0.984170031662,0.00622546730142,e_only,gargoyle,GARGOYLE_PX56,future_sensitivity,HNLCalc + GARGOYLE geometry-only reach
0.9840716245,0.00407185665224,e_only,gargoyle,GARGOYLE_PX56,future_sensitivity,HNLCalc + GARGOYLE geometry-only reach
0.983973217338,0.00813996539488,e_only,gargoyle,GARGOYLE_PX56,future_sensitivity,HNLCalc + GARGOYLE geometry-only reach
0.981439758662,0.00381048159753,e_only,gargoyle,GARGOYLE_PX56,future_sensitivity,HNLCalc + GARGOYLE geometry-only reach
0.9813416245,0.00331670066984,e_only,gargoyle,GARGOYLE_PX56,future_sensitivity,HNLCalc + GARGOYLE geometry-only reach
0.981243490338,0.00691400947388,e_only,gargoyle,GARGOYLE_PX56,future_sensitivity,HNLCalc + GARGOYLE geometry-only reach
0.975604227219,0.00799603159599,e_only,gargoyle,GARGOYLE_PX56,future_sensitivity,HNLCalc + GARGOYLE geometry-only reach
0.97275626695,0.00491962000954,e_only,gargoyle,GARGOYLE_PX56,future_sensitivity,HNLCalc + GARGOYLE geometry-only reach
0.97265900105,0.00484047634622,e_only,gargoyle,GARGOYLE_PX56,future_sensitivity,HNLCalc + GARGOYLE geometry-only reach
0.97256173515,0.0110932875934,e_only,gargoyle,GARGOYLE_PX56,future_sensitivity,HNLCalc + GARGOYLE geometry-only reach
0.967238338662,0.0058785376961,e_only,gargoyle,GARGOYLE_PX56,future_sensitivity,HNLCalc + GARGOYLE geometry-only reach
0.9671416245,0.00456731911633,e_only,gargoyle,GARGOYLE_PX56,future_sensitivity,HNLCalc + GARGOYLE geometry-only reach
0.967044910338,0.00645918939774,e_only,gargoyle,GARGOYLE_PX56,future_sensitivity,HNLCalc + GARGOYLE geometry-only reach
0.957875778,0.00614988484853,e_only,gargoyle,GARGOYLE_PX56,future_sensitivity,HNLCalc + GARGOYLE geometry-only reach
0.95778,0.00939978631599,e_only,gargoyle,GARGOYLE_PX56,future_sensitivity,HNLCalc + GARGOYLE geometry-only reach
0.957684222,0.0064802945578,e_only,gargoyle,GARGOYLE_PX56,future_sensitivity,HNLCalc + GARGOYLE geometry-only reach
0.94847383895,0.00794559536439,e_only,gargoyle,GARGOYLE_PX56,future_sensitivity,HNLCalc + GARGOYLE geometry-only reach
0.94837900105,0.00470381801059,e_only,gargoyle,GARGOYLE_PX56,future_sensitivity,HNLCalc + GARGOYLE geometry-only reach
0.94828416315,0.00689904796302,e_only,gargoyle,GARGOYLE_PX56,future_sensitivity,HNLCalc + GARGOYLE geometry-only reach
0.928469675623,0.00635837816682,e_only,gargoyle,GARGOYLE_PX56,future_sensitivity,HNLCalc + GARGOYLE geometry-only reach
0.91146013795,0.006628150553,e_only,gargoyle,GARGOYLE_PX56,future_sensitivity,HNLCalc + GARGOYLE geometry-only reach
0.91136900105,0.0109843633942,e_only,gargoyle,GARGOYLE_PX56,future_sensitivity,HNLCalc + GARGOYLE geometry-only reach
0.91127786415,0.00737641179832,e_only,gargoyle,GARGOYLE_PX56,future_sensitivity,HNLCalc + GARGOYLE geometry-only reach
0.905002115662,0.0105026902545,e_only,gargoyle,GARGOYLE_PX56,future_sensitivity,HNLCalc + GARGOYLE geometry-only reach
0.9049116245,0.00888794734374,e_only,gargoyle,GARGOYLE_PX56,future_sensitivity,HNLCalc + GARGOYLE geometry-only reach
0.904821133338,0.00699863142613,e_only,gargoyle,GARGOYLE_PX56,future_sensitivity,HNLCalc + GARGOYLE geometry-only reach
0.89227021705,0.00927342563588,e_only,gargoyle,GARGOYLE_PX56,future_sensitivity,HNLCalc + GARGOYLE geometry-only reach
0.89218099895,0.010974882569,e_only,gargoyle,GARGOYLE_PX56,future_sensitivity,HNLCalc + GARGOYLE geometry-only reach
0.89209178085,0.0165889278655,e_only,gargoyle,GARGOYLE_PX56,future_sensitivity,HNLCalc + GARGOYLE geometry-only reach
0.883612344535,0.00909714316258,e_only,gargoyle,GARGOYLE_PX56,future_sensitivity,HNLCalc + GARGOYLE geometry-only reach
0.880856452338,0.00760789385978,e_only,gargoyle,GARGOYLE_PX56,future_sensitivity,HNLCalc + GARGOYLE geometry-only reach
0.8807683755,0.00595161189192,e_only,gargoyle,GARGOYLE_PX56,future_sensitivity,HNLCalc + GARGOYLE geometry-only reach
0.880680298662,0.0214461372186,e_only,gargoyle,GARGOYLE_PX56,future_sensitivity,HNLCalc + GARGOYLE geometry-only reach
0.867598375662,0.0147517722101,e_only,gargoyle,GARGOYLE_PX56,future_sensitivity,HNLCalc + GARGOYLE geometry-only reach
0.8675116245,0.0134563053051,e_only,gargoyle,GARGOYLE_PX56,future_sensitivity,HNLCalc + GARGOYLE geometry-only reach
0.867424873338,0.00834944411586,e_only,gargoyle,GARGOYLE_PX56,future_sensitivity,HNLCalc + GARGOYLE geometry-only reach
0.843315947662,0.0142882367505,e_only,gargoyle,GARGOYLE_PX56,future_sensitivity,HNLCalc + GARGOYLE geometry-only reach
0.8432316245,0.0129963884252,e_only,gargoyle,GARGOYLE_PX56,future_sensitivity,HNLCalc + GARGOYLE geometry-only reach
0.843147301338,0.0150997560179,e_only,gargoyle,GARGOYLE_PX56,future_sensitivity,HNLCalc + GARGOYLE geometry-only reach
0.84092221417,0.0152003517382,e_only,gargoyle,GARGOYLE_PX56,future_sensitivity,HNLCalc + GARGOYLE geometry-only reach
0.806302246662,0.0240619162231,e_only,gargoyle,GARGOYLE_PX56,future_sensitivity,HNLCalc + GARGOYLE geometry-only reach
0.8062216245,0.0200659237363,e_only,gargoyle,GARGOYLE_PX56,future_sensitivity,HNLCalc + GARGOYLE geometry-only reach
0.806141002338,0.0173422819172,e_only,gargoyle,GARGOYLE_PX56,future_sensitivity,HNLCalc + GARGOYLE geometry-only reach
0.800294580149,0.0217719224829,e_only,gargoyle,GARGOYLE_PX56,future_sensitivity,HNLCalc + GARGOYLE geometry-only reach
0.782738266,0.025005197769,e_only,gargoyle,GARGOYLE_PX56,future_sensitivity,HNLCalc + GARGOYLE geometry-only reach
0.78266,0.0209505915053,e_only,gargoyle,GARGOYLE_PX56,future_sensitivity,HNLCalc + GARGOYLE geometry-only reach
0.782581734,0.0165772129067,e_only,gargoyle,GARGOYLE_PX56,future_sensitivity,HNLCalc + GARGOYLE geometry-only reach
0.77569856105,0.0164533687804,e_only,gargoyle,GARGOYLE_PX56,future_sensitivity,HNLCalc + GARGOYLE geometry-only reach
0.77554343685,0.0276374458363,e_only,gargoyle,GARGOYLE_PX56,future_sensitivity,HNLCalc + GARGOYLE geometry-only reach
0.775337526,0.016429012897,e_only,gargoyle,GARGOYLE_PX56,future_sensitivity,HNLCalc + GARGOYLE geometry-only reach
0.77526,0.0244114906257,e_only,gargoyle,GARGOYLE_PX56,future_sensitivity,HNLCalc + GARGOYLE geometry-only reach
0.775182474,0.01884346991,e_only,gargoyle,GARGOYLE_PX56,future_sensitivity,HNLCalc + GARGOYLE geometry-only reach
0.761629796697,0.0162422107591,e_only,gargoyle,GARGOYLE_PX56,future_sensitivity,HNLCalc + GARGOYLE geometry-only reach
0.724833032243,0.0221332954618,e_only,gargoyle,GARGOYLE_PX56,future_sensitivity,HNLCalc + GARGOYLE geometry-only reach
0.689814036831,0.103792427595,e_only,gargoyle,GARGOYLE_PX56,future_sensitivity,HNLCalc + GARGOYLE geometry-only reach
0.656486920769,0.0310029409464,e_only,gargoyle,GARGOYLE_PX56,future_sensitivity,HNLCalc + GARGOYLE geometry-only reach
0.624769943971,0.136991918029,e_only,gargoyle,GARGOYLE_PX56,future_sensitivity,HNLCalc + GARGOYLE geometry-only reach
0.599395309038,0.05694641783,e_only,gargoyle,GARGOYLE_PX56,future_sensitivity,HNLCalc + GARGOYLE geometry-only reach
0.5993353755,0.110215012229,e_only,gargoyle,GARGOYLE_PX56,future_sensitivity,HNLCalc + GARGOYLE geometry-only reach
0.599275441962,0.076776762924,e_only,gargoyle,GARGOYLE_PX56,future_sensitivity,HNLCalc + GARGOYLE geometry-only reach
0.594585315472,0.155499109137,e_only,gargoyle,GARGOYLE_PX56,future_sensitivity,HNLCalc + GARGOYLE geometry-only reach
0.565859002641,0.177184156761,e_only,gargoyle,GARGOYLE_PX56,future_sensitivity,HNLCalc + GARGOYLE geometry-only reach
0.5479167862,0.104460506696,e_only,gargoyle,GARGOYLE_PX56,future_sensitivity,HNLCalc + GARGOYLE geometry-only reach
0.547862,0.104333204461,e_only,gargoyle,GARGOYLE_PX56,future_sensitivity,HNLCalc + GARGOYLE geometry-only reach
0.5478072138,0.23295134275,e_only,gargoyle,GARGOYLE_PX56,future_sensitivity,HNLCalc + GARGOYLE geometry-only reach
0.538520549596,0.135955954749,e_only,gargoyle,GARGOYLE_PX56,future_sensitivity,HNLCalc + GARGOYLE geometry-only reach
0.512502904405,0.167783951025,e_only,gargoyle,GARGOYLE_PX56,future_sensitivity,HNLCalc + GARGOYLE geometry-only reach
0.49423741775,0.289551805732,e_only,gargoyle,GARGOYLE_PX56,future_sensitivity,HNLCalc + GARGOYLE geometry-only reach
0.49413858015,0.206806540646,e_only,gargoyle,GARGOYLE_PX56,future_sensitivity,HNLCalc + GARGOYLE geometry-only reach
0.487742254629,0.183666972329,e_only,gargoyle,GARGOYLE_PX56,future_sensitivity,HNLCalc + GARGOYLE geometry-only reach
0.464177870809,0.33848183743,e_only,gargoyle,GARGOYLE_PX56,future_sensitivity,HNLCalc + GARGOYLE geometry-only reach
0.441751957522,0.486007606447,e_only,gargoyle,GARGOYLE_PX56,future_sensitivity,HNLCalc + GARGOYLE geometry-only reach
0.420409511627,0.323070483697,e_only,gargoyle,GARGOYLE_PX56,future_sensitivity,HNLCalc + GARGOYLE geometry-only reach
0.400098187358,0.724894595168,e_only,gargoyle,GARGOYLE_PX56,future_sensitivity,HNLCalc + GARGOYLE geometry-only reach
0.380768167941,2.90471165523e-08,e_only,gargoyle,GARGOYLE_PX56,future_sensitivity,HNLCalc + GARGOYLE geometry-only reach
0.362372043409,0.780157908759,e_only,gargoyle,GARGOYLE_PX56,future_sensitivity,HNLCalc + GARGOYLE geometry-only reach
0.344864694321,3.62217069623e-08,e_only,gargoyle,GARGOYLE_PX56,future_sensitivity,HNLCalc + GARGOYLE geometry-only reach
0.328203181102,3.9026888919e-08,e_only,gargoyle,GARGOYLE_PX56,future_sensitivity,HNLCalc + GARGOYLE geometry-only reach
0.312346638724,4.30474820792e-08,e_only,gargoyle,GARGOYLE_PX56,future_sensitivity,HNLCalc + GARGOYLE geometry-only reach
0.297256176477,4.5168240224e-08,e_only,gargoyle,GARGOYLE_PX56,future_sensitivity,HNLCalc + GARGOYLE geometry-only reach
0.282894782587,5.53376135875e-08,e_only,gargoyle,GARGOYLE_PX56,future_sensitivity,HNLCalc + GARGOYLE geometry-only reach
0.269227233437,5.17188772742e-08,e_only,gargoyle,GARGOYLE_PX56,future_sensitivity,HNLCalc + GARGOYLE geometry-only reach
0.256220007175,5.65599415293e-08,e_only,gargoyle,GARGOYLE_PX56,future_sensitivity,HNLCalc + GARGOYLE geometry-only reach
0.245253288377,7.07013810396e-08,e_only,gargoyle,GARGOYLE_PX56,future_sensitivity,HNLCalc + GARGOYLE geometry-only reach
0.2452287655,7.3092511394e-08,e_only,gargoyle,GARGOYLE_PX56,future_sensitivity,HNLCalc + GARGOYLE geometry-only reach
0.245204242623,7.86113086435e-08,e_only,gargoyle,GARGOYLE_PX56,future_sensitivity,HNLCalc + GARGOYLE geometry-only reach
0.243841201496,7.08539015478e-08,e_only,gargoyle,GARGOYLE_PX56,future_sensitivity,HNLCalc + GARGOYLE geometry-only reach
0.232060455398,9.18113390666e-08,e_only,gargoyle,GARGOYLE_PX56,future_sensitivity,HNLCalc + GARGOYLE geometry-only reach
0.220848874715,1.01866124836e-07,e_only,gargoyle,GARGOYLE_PX56,future_sensitivity,HNLCalc + GARGOYLE geometry-only reach
0.211337882675,1.20475981191e-07,e_only,gargoyle,GARGOYLE_PX56,future_sensitivity,HNLCalc + GARGOYLE geometry-only reach
0.211316751,1.14593330673e-07,e_only,gargoyle,GARGOYLE_PX56,future_sensitivity,HNLCalc + GARGOYLE geometry-only reach
0.211295619325,1.13463867998e-07,e_only,gargoyle,GARGOYLE_PX56,future_sensitivity,HNLCalc + GARGOYLE geometry-only reach
0.21017896125,1.10821603647e-07,e_only,gargoyle,GARGOYLE_PX56,future_sensitivity,HNLCalc + GARGOYLE geometry-only reach
0.200024545333,1.34960761341e-07,e_only,gargoyle,GARGOYLE_PX56,future_sensitivity,HNLCalc + GARGOYLE geometry-only reach
0.191439142,1.54569115361e-07,e_only,gargoyle,GARGOYLE_PX56,future_sensitivity,HNLCalc + GARGOYLE geometry-only reach
0.19142,1.55831858417e-07,e_only,gargoyle,GARGOYLE_PX56,future_sensitivity,HNLCalc + GARGOYLE geometry-only reach
0.191400858,1.55161982171e-07,e_only,gargoyle,GARGOYLE_PX56,future_sensitivity,HNLCalc + GARGOYLE geometry-only reach
0.190360721634,1.6692741547e-07,e_only,gargoyle,GARGOYLE_PX56,future_sensitivity,HNLCalc + GARGOYLE geometry-only reach
0.181163788077,2.02854312474e-07,e_only,gargoyle,GARGOYLE_PX56,future_sensitivity,HNLCalc + GARGOYLE geometry-only reach
0.17241118771,2.29254243288e-07,e_only,gargoyle,GARGOYLE_PX56,future_sensitivity,HNLCalc + GARGOYLE geometry-only reach
0.164081453381,3.3204512075e-07,e_only,gargoyle,GARGOYLE_PX56,future_sensitivity,HNLCalc + GARGOYLE geometry-only reach
0.156154155083,6.27456151638e-07,e_only,gargoyle,GARGOYLE_PX56,future_sensitivity,HNLCalc + GARGOYLE geometry-only reach
0.148609849847,1.41891400204e-06,e_only,gargoyle,GARGOYLE_PX56,future_sensitivity,HNLCalc + GARGOYLE geometry-only reach
0.141430034057,3.70577657376e-06,e_only,gargoyle,GARGOYLE_PX56,future_sensitivity,HNLCalc + GARGOYLE geometry-only reach
0.140095397089,4.29995992284e-06,e_only,gargoyle,GARGOYLE_PX56,future_sensitivity,HNLCalc + GARGOYLE geometry-only reach
0.14008138895,4.3080422816e-06,e_only,gargoyle,GARGOYLE_PX56,future_sensitivity,HNLCalc + GARGOYLE geometry-only reach
0.140067380811,4.3132577946e-06,e_only,gargoyle,GARGOYLE_PX56,future_sensitivity,HNLCalc + GARGOYLE geometry-only reach
0.13499029768,6.04884037838e-06,e_only,gargoyle,GARGOYLE_PX56,future_sensitivity,HNLCalc + GARGOYLE geometry-only reach
0.1349768,6.05190143554e-06,e_only,gargoyle,GARGOYLE_PX56,future_sensitivity,HNLCalc + GARGOYLE geometry-only reach
0.13496330232,6.05495592575e-06,e_only,gargoyle,GARGOYLE_PX56,future_sensitivity,HNLCalc + GARGOYLE geometry-only reach
0.134597098065,6.13852393956e-06,e_only,gargoyle,GARGOYLE_PX56,future_sensitivity,HNLCalc + GARGOYLE geometry-only reach
0.128094283003,7.87580146521e-06,e_only,gargoyle,GARGOYLE_PX56,future_sensitivity,HNLCalc + GARGOYLE geometry-only reach
0.121905639675,1.00958893551e-05,e_only,gargoyle,GARGOYLE_PX56,future_sensitivity,HNLCalc + GARGOYLE geometry-only reach
0.116015989443,1.29354071229e-05,e_only,gargoyle,GARGOYLE_PX56,future_sensitivity,HNLCalc + GARGOYLE geometry-only reach
0.110410886997,1.6570321277e-05,e_only,gargoyle,GARGOYLE_PX56,future_sensitivity,HNLCalc + GARGOYLE geometry-only reach
0.106179991387,2.01456501172e-05,e_only,gargoyle,GARGOYLE_PX56,future_sensitivity,HNLCalc + GARGOYLE geometry-only reach
0.106158757513,2.01658067913e-05,e_only,gargoyle,GARGOYLE_PX56,future_sensitivity,HNLCalc + GARGOYLE geometry-only reach
0.105076584926,2.12258966769e-05,e_only,gargoyle,GARGOYLE_PX56,future_sensitivity,HNLCalc + GARGOYLE geometry-only reach
0.1,2.71894996859e-05,e_only,gargoyle,GARGOYLE_PX56,future_sensitivity,HNLCalc + GARGOYLE geometry-only reach
